,Model,Y Train pred,Y Test actual,Test prediction folds,Test Predictions Mean,Test Predictions Std
0,LGBMRegressor,"[-5.390551586785183, -4.955031166938965, -5.251857579721937, -5.367733349300201, -5.103187201685237, -5.0934592824492295, -6.1784850817146735, -6.257594406722362, -5.88049686421559, -6.0388557247237316, -4.876927563006939, -5.883820910619899, -6.307682626314724, -6.093331345659101, -4.830213984064944, -5.031338674900021, -4.741596096720975, -5.3452839153296905, -5.35439854000356, -4.708330562598418, -6.365629196022924, -5.222286249623288, -6.118543611902048, -4.653720535228413, -4.646276403244217, -5.486807883457239, -5.319019033085431, -5.199308649390203, -5.960451571379032, -6.173951473685281, -5.252854268524818, -5.414512087790131, -5.511247250327024, -5.095190068553871, -5.331468812795918, -6.286646292039087, -5.338706520427201, -5.4263359025010685, -6.175545528077663, -4.943638217734053, -4.837549243880879, -4.666535356700674, -4.914595475425837, -5.990220848317774, -6.155643162894285, -5.914260109379675, -5.661991038172481, -5.094797311899203, -6.228256677202772, -4.56695775624037, -5.030269293605681, -4.582660772584102, -6.296216807593819, -5.546434917579343, -4.7254915049653015, -5.4895352992969, -5.079843273560505, -5.609231769505122, -5.672721060680063, -5.838651032113301, -5.545043094674797, -4.95774225675037, -6.22183524570672, -5.855328279775791, -6.275249425323268, -6.096351099277619, -6.235030132855387, -6.166003743144192, -4.624891389570376, -5.792691263642286, -5.434027652090875, -5.191527462162919, -5.408254301947869, -5.272246990804384, -4.779935772301423, -6.107060138340968, -4.919756116416241, -5.355474681405485, -5.715669551469249, -5.925821880256575, -6.1915628812356855, -4.644779548505139, -5.523463367806428, -6.077093067997413, -5.8762328452586745, -5.455412288882409, -5.043792720208384, -4.969317203030674, -5.511471770873785, -5.0154613412200115, -5.7445370032164425, -5.047655853768757, -6.341272306365535, -6.268274844338915, -6.522313616162214, -4.7707760605592435, -5.940076861772041, -5.6384145634332965, -5.571068116254479, -5.896707637972214, -5.8621548392017, -5.90976806869701, -4.735984578109777, -4.553103710102021, -5.452651562948658, -6.143092889836625, -5.479930964774683, -6.046811590599764, -4.624149760591849, -5.107917186715201, -6.303979290080283, -5.644054806586697, -6.059293546138414, -5.7610394588880185, -4.798753074534712, -6.028361191835918, -6.183105303555922, -5.536607348922952, -5.6661593552316445, -6.033275973506999, -4.688251771904663, -6.2933484360819305, -6.446797611327077, -4.7179730238372946, -6.050499653102444, -5.017979389716957, -6.0604375713354255, -6.189371214916905, -6.587460095755295, -5.388398348012106, -6.067145911401744, -5.920919009181132, -5.019706111532493, -4.590470081901681, -5.2766154263584, -5.108377499239788, -5.504464980267117, -5.295639761835654, -6.297464258739007, -6.5937760724946255]","25   -6.120
23   -5.330
22   -5.490
13   -6.150
12   -5.840
30   -6.220
16   -6.000
15   -5.700
17   -5.000
26   -5.140
7    -5.920
8    -5.120
18   -7.640
5    -4.620
4    -8.000
6    -7.300
2    -8.000
28   -6.440
29   -5.550
35   -5.310
33   -4.620
31   -4.640
32   -5.350
34   -5.530
24   -5.020
21   -5.460
19   -5.860
0    -6.340
9    -6.930
10   -6.660
11   -6.230
14   -6.340
20   -5.900
3    -6.460
1    -5.760
27   -5.805
Name: Permeability, dtype: float64","[array([-5.59990906, -6.00746933, -5.49681751, -6.29231648, -6.44580458,
       -6.19889127, -4.94674021, -4.86330307, -4.8245271 , -5.30856152,
       -5.98543336, -5.37550381, -6.49960294, -5.0161843 , -6.53467511,
       -6.17762685, -6.46845928, -6.34965793, -5.57760907, -4.72196319,
       -4.6415465 , -4.64573489, -5.15251483, -5.36993837, -5.36814949,
       -5.38701175, -5.95941107, -6.40661268, -6.22449083, -6.22449083,
       -6.22449083, -6.26267613, -5.85501261, -6.10384774, -6.17777387,
       -5.96105395]), array([-5.5411057 , -5.86336234, -5.67951625, -6.21292407, -6.40695178,
       -5.93065412, -4.9765047 , -4.91384869, -4.62614692, -5.37259862,
       -5.70475857, -5.39358859, -6.36773091, -4.96219859, -6.42498733,
       -6.2672273 , -6.34466713, -6.05744499, -5.34128198, -4.59798258,
       -4.60891762, -4.59333656, -4.93830689, -5.37092578, -5.42469056,
       -5.54102701, -5.99719785, -6.2351446 , -6.21561966, -6.21561966,
       -6.21561966, -6.26120986, -5.86636662, -6.22166815, -6.14702092,
       -5.95978622]), array([-5.60427573, -5.83514636, -5.72004829, -6.35721585, -6.50967474,
       -6.14212917, -5.01048415, -4.93560256, -4.97827873, -5.42545976,
       -5.86751614, -5.34128265, -6.46420305, -5.04531718, -6.50056018,
       -6.2104995 , -6.46652347, -6.24282093, -5.45093788, -4.79071179,
       -4.58384087, -4.66834009, -5.15554609, -5.30740352, -5.40594442,
       -5.43506367, -6.01327229, -6.49476233, -6.27861727, -6.27861727,
       -6.27109229, -6.27861727, -5.9157868 , -6.30505543, -6.1930009 ,
       -5.98680896]), array([-5.71085915, -5.96909251, -5.71890913, -6.32696048, -6.57302657,
       -6.35209435, -5.04325579, -4.98572867, -4.77533049, -5.26842332,
       -6.00685781, -5.22066241, -6.53554585, -5.05524516, -6.46233733,
       -6.25001849, -6.35075316, -6.22489639, -5.45631172, -4.90007601,
       -4.62448488, -4.61727008, -5.12364607, -5.23668796, -5.2510393 ,
       -5.46316048, -6.04164   , -6.34284618, -6.29621681, -6.29621681,
       -6.29621681, -6.30518829, -5.83609395, -6.30480758, -6.1962925 ,
       -6.10597971]), array([-5.59921157, -5.75390729, -5.63221958, -6.34198123, -6.4831184 ,
       -6.27271722, -5.06819176, -5.02484432, -4.98311075, -5.15840592,
       -5.96027517, -5.42130905, -6.53118642, -4.90608682, -6.29309944,
       -6.21503299, -6.35036427, -6.23444308, -5.56593992, -5.04695417,
       -4.64030584, -4.68549071, -4.9372882 , -5.35706716, -5.40117633,
       -5.64532495, -5.83548382, -6.36914944, -6.21503299, -6.21503299,
       -6.21503299, -6.27229182, -6.02433382, -6.39447645, -6.14296425,
       -6.12408682]), array([-5.50656699, -6.11274287, -5.56839408, -6.42415779, -6.4994416 ,
       -6.23921746, -4.9621249 , -4.96390264, -4.96992351, -5.34908782,
       -5.91865384, -5.15006412, -6.53422537, -5.12273296, -6.35051784,
       -6.31382941, -6.48166677, -6.21917326, -5.54525087, -4.85614736,
       -4.64477955, -4.66541257, -5.15513958, -5.45247839, -5.43620664,
       -5.45977012, -6.02018985, -6.34885432, -6.32347481, -6.32347481,
       -6.32347481, -6.32894123, -5.91668264, -6.09879206, -6.17604817,
       -6.15701562]), array([-5.4189239 , -5.88577894, -5.5650823 , -6.26799141, -6.46495428,
       -6.11591449, -4.91920164, -4.91920164, -4.87185597, -5.39247957,
       -5.92465683, -5.17455104, -6.50854122, -4.93331122, -6.45893026,
       -6.24934247, -6.4295143 , -6.20484549, -5.53472416, -4.74337831,
       -4.57345419, -4.66378575, -5.33432407, -5.34094727, -5.31688247,
       -5.4837979 , -6.00072065, -6.46256945, -6.27938365, -6.27938365,
       -6.27938365, -6.29255816, -5.87987242, -6.1819465 , -6.16386465,
       -6.17912891]), array([-5.33052834, -5.91937354, -5.7563505 , -6.24964913, -6.44894   ,
       -6.31250067, -4.98839577, -4.97023216, -5.17923507, -5.34650728,
       -5.87607975, -5.38031124, -6.46882744, -5.03881677, -6.40142101,
       -6.19431394, -6.49591005, -6.15361077, -5.42288651, -4.81351936,
       -4.66600681, -4.73574065, -5.05465936, -5.23658433, -5.34969069,
       -5.47590543, -6.03798418, -6.42195845, -6.23843351, -6.23843351,
       -6.24888344, -6.25843385, -5.76725206, -6.2686705 , -5.96493332,
       -6.07267674]), array([-5.57406267, -5.96112551, -5.55071215, -6.36283782, -6.43617926,
       -6.34508875, -4.9373032 , -4.83688823, -4.9047202 , -5.31129516,
       -6.10905786, -5.2579609 , -6.44915472, -4.94486924, -6.31757258,
       -6.13917284, -6.41959689, -6.31538651, -5.51868019, -4.92940935,
       -4.65517174, -4.65645777, -5.05797788, -5.39435413, -5.38163496,
       -5.47304181, -6.19437541, -6.44971764, -6.21870255, -6.21870255,
       -6.21729818, -6.23879305, -5.92509124, -6.09296772, -6.17876675,
       -5.88760149]), array([-5.45105533, -6.06127184, -5.53028987, -6.36721972, -6.52624619,
       -6.33927315, -5.07902124, -5.0156707 , -4.84185394, -5.36254256,
       -5.89592118, -5.13766431, -6.61641182, -5.01511252, -6.47087439,
       -6.144403  , -6.39034897, -6.19556658, -5.42065724, -4.75698082,
       -4.63730601, -4.71563695, -5.1469242 , -5.28416373, -5.43765425,
       -5.50050259, -6.07915212, -6.41800189, -6.230467  , -6.230467  ,
       -6.07144053, -6.230467  , -5.88380526, -6.20922306, -6.03924943,
       -5.9387733 ])]","[-5.53364984 -5.93692705 -5.62183397 -6.3203254  -6.47943374 -6.22484807
 -4.99312234 -4.94292227 -4.89549827 -5.32953615 -5.92492105 -5.28528981
 -6.49754297 -5.00398748 -6.42149755 -6.21614668 -6.41978043 -6.21978459
 -5.48342796 -4.81571229 -4.6275814  -4.6647206  -5.10563272 -5.33505506
 -5.37730691 -5.48646057 -6.01794272 -6.3949617  -6.25204391 -6.25204391
 -6.23629332 -6.27291766 -5.88702974 -6.21814552 -6.13799148 -6.03729117]","[0.10428053 0.10254793 0.08703089 0.06059289 0.04655584 0.12643426
 0.0527442  0.058366   0.14004403 0.0711128  0.10028176 0.10382611
 0.06269405 0.06304169 0.07570143 0.05240812 0.05510585 0.07636863
 0.07278475 0.11859958 0.02861107 0.03982228 0.11075942 0.06561595
 0.05586225 0.06519058 0.08562086 0.0706925  0.03704778 0.03704778
 0.06555429 0.02831422 0.06360989 0.09648322 0.07182856 0.09717818]"
1,DecisionTreeRegressor,"[-5.255, -5.46, -4.72, -6.0, -5.39, -5.22, -5.75, -6.31, -6.15, -7.48, -4.85, -6.66, -5.95, -5.84, -4.71, -4.85, -4.7, -5.21, -5.58, -4.71, -6.63, -5.28, -6.1, -4.57, -4.74, -6.0, -4.96, -5.51, -5.27, -5.85, -4.92, -5.71, -5.36, -5.42, -5.2, -6.92, -5.6, -5.36, -5.75, -4.9, -4.9, -5.06, -5.13, -5.89, -5.48, -6.66, -6.02, -4.79, -6.58, -4.57, -5.44, -4.9, -6.22, -6.15, -4.9, -5.39, -5.225, -6.49, -6.15, -6.2, -5.4, -5.6, -6.05, -5.57, -6.2, -5.5, -6.2, -6.5, -4.49, -5.84, -5.13, -5.1, -5.13, -5.13, -4.6, -6.63, -4.9, -5.4, -7.48, -6.3, -6.66, -4.49, -5.39, -6.4, -6.31, -5.42, -5.61, -4.96, -5.1, -4.78, -4.71, -4.3, -5.85, -6.62, -6.54, -4.9, -6.63, -5.27, -6.15, -6.15, -6.15, -6.1, -4.75, -4.6, -5.32, -6.92, -6.1850000000000005, -6.08, -4.6, -5.6, -6.1, -5.79, -6.2, -5.48, -4.74, -5.57, -6.46, -5.71, -5.79, -6.02, -4.75, -5.74, -5.85, -4.3, -6.54, -5.21, -6.15, -6.66, -6.78, -5.18, -6.05, -6.02, -5.3, -4.3, -5.4, -5.09, -5.3, -5.39, -6.49, -5.84]","25   -6.120
23   -5.330
22   -5.490
13   -6.150
12   -5.840
30   -6.220
16   -6.000
15   -5.700
17   -5.000
26   -5.140
7    -5.920
8    -5.120
18   -7.640
5    -4.620
4    -8.000
6    -7.300
2    -8.000
28   -6.440
29   -5.550
35   -5.310
33   -4.620
31   -4.640
32   -5.350
34   -5.530
24   -5.020
21   -5.460
19   -5.860
0    -6.340
9    -6.930
10   -6.660
11   -6.230
14   -6.340
20   -5.900
3    -6.460
1    -5.760
27   -5.805
Name: Permeability, dtype: float64","[array([-5.71 , -6.54 , -5.12 , -6.58 , -6.05 , -5.96 , -4.7  , -4.7  ,
       -4.72 , -5.12 , -6.66 , -5.6  , -6.62 , -4.72 , -5.92 , -6.5  ,
       -6.92 , -6.15 , -5.71 , -4.79 , -4.51 , -4.75 , -4.85 , -5.1  ,
       -5.48 , -5.72 , -6.05 , -6.46 , -6.65 , -5.95 , -5.95 , -6.65 ,
       -5.805, -5.805, -6.46 , -6.2  ]), array([-5.4  , -5.32 , -5.48 , -6.65 , -6.66 , -5.72 , -5.1  , -5.1  ,
       -4.85 , -5.54 , -5.57 , -5.18 , -6.46 , -5.22 , -6.   , -6.65 ,
       -6.92 , -6.08 , -5.4  , -4.79 , -4.52 , -4.57 , -4.9  , -5.58 ,
       -5.54 , -5.4  , -5.89 , -6.92 , -6.78 , -5.95 , -5.95 , -6.65 ,
       -5.805, -6.63 , -6.78 , -5.57 ]), array([-4.71, -6.15, -5.71, -6.58, -6.66, -6.04, -4.7 , -5.1 , -5.46,
       -5.44, -5.57, -5.6 , -6.49, -4.85, -5.66, -6.46, -6.96, -6.02,
       -5.36, -5.06, -4.49, -4.9 , -4.9 , -5.58, -5.4 , -5.36, -5.92,
       -6.58, -6.46, -5.95, -5.95, -6.46, -4.71, -6.  , -6.58, -6.1 ]), array([-5.39, -5.85, -6.15, -6.2 , -5.74, -5.85, -5.04, -5.1 , -5.1 ,
       -5.13, -5.16, -5.13, -6.96, -5.15, -6.54, -6.46, -6.92, -6.31,
       -5.4 , -5.61, -4.57, -4.73, -4.78, -5.6 , -5.4 , -5.64, -6.54,
       -6.22, -6.65, -6.65, -6.58, -6.65, -5.16, -6.34, -6.22, -5.85]), array([-5.58, -5.16, -5.48, -5.87, -6.05, -5.35, -5.15, -5.1 , -5.51,
       -5.6 , -5.35, -5.48, -6.2 , -5.15, -6.96, -6.58, -6.2 , -6.2 ,
       -6.  , -4.79, -4.52, -4.9 , -5.04, -5.61, -5.4 , -6.15, -5.84,
       -5.87, -5.85, -5.85, -5.85, -5.85, -6.2 , -6.22, -6.34, -6.49]), array([-5.72 , -6.4  , -5.13 , -6.96 , -6.66 , -6.2  , -5.15 , -5.1  ,
       -5.09 , -5.13 , -5.16 , -5.18 , -6.2  , -4.85 , -6.96 , -6.58 ,
       -6.1  , -6.15 , -5.13 , -4.9  , -4.52 , -4.64 , -4.7  , -5.13 ,
       -5.39 , -5.71 , -6.92 , -6.5  , -6.1  , -6.1  , -5.85 , -6.62 ,
       -5.805, -5.805, -6.1  , -6.09 ]), array([-5.39 , -5.16 , -5.4  , -6.34 , -6.54 , -5.96 , -5.1  , -5.1  ,
       -5.1  , -5.225, -5.74 , -6.   , -6.96 , -4.72 , -5.57 , -5.85 ,
       -6.92 , -6.08 , -5.39 , -4.   , -4.49 , -4.57 , -4.78 , -4.72 ,
       -5.12 , -5.39 , -5.96 , -6.58 , -6.46 , -6.65 , -6.46 , -6.46 ,
       -5.58 , -6.56 , -6.58 , -4.71 ]), array([-5.72, -6.34, -6.2 , -5.92, -5.95, -6.34, -5.15, -5.15, -5.13,
       -5.51, -6.05, -4.71, -6.92, -4.72, -5.84, -6.5 , -6.78, -6.31,
       -5.4 , -4.9 , -4.49, -4.6 , -5.09, -4.72, -5.42, -5.72, -5.85,
       -6.1 , -6.65, -6.65, -6.65, -5.95, -5.79, -5.32, -5.85, -5.79]), array([-5.805, -5.89 , -6.2  , -6.02 , -6.62 , -6.58 , -5.1  , -5.1  ,
       -4.9  , -5.36 , -6.02 , -5.4  , -6.92 , -5.2  , -6.92 , -5.96 ,
       -5.96 , -6.02 , -5.39 , -5.51 , -4.51 , -4.3  , -4.78 , -5.13 ,
       -5.4  , -5.71 , -5.74 , -5.85 , -6.65 , -6.65 , -6.65 , -6.54 ,
       -5.58 , -5.64 , -5.85 , -5.71 ]), array([-5.48 , -6.34 , -5.255, -6.66 , -5.8  , -5.8  , -5.1  , -5.1  ,
       -5.52 , -5.51 , -5.16 , -5.22 , -5.8  , -5.1  , -6.96 , -6.65 ,
       -6.05 , -6.3  , -4.71 , -5.4  , -4.49 , -4.3  , -5.15 , -5.3  ,
       -5.39 , -5.4  , -5.85 , -5.95 , -6.65 , -6.65 , -6.65 , -6.65 ,
       -5.805, -5.805, -6.49 , -6.2  ])]","[-5.4905 -5.915  -5.6125 -6.378  -6.273  -5.98   -5.029  -5.065  -5.138
 -5.3565 -5.644  -5.35   -6.553  -4.968  -6.333  -6.419  -6.573  -6.162
 -5.389  -4.975  -4.511  -4.626  -4.897  -5.247  -5.394  -5.62   -6.056
 -6.303  -6.49   -6.305  -6.254  -6.448  -5.624  -6.0125 -6.325  -5.871 ]","[0.29968692 0.50410812 0.40892084 0.34683714 0.36777847 0.32499231
 0.16753806 0.12257651 0.266      0.17969488 0.46344795 0.33160217
 0.37868324 0.20331257 0.55914309 0.26636253 0.41065923 0.10879338
 0.31712616 0.44066427 0.02343075 0.19900754 0.14276204 0.32945561
 0.10229369 0.23125743 0.35601124 0.34102932 0.27849596 0.34960692
 0.34969129 0.28410561 0.39305725 0.3973679  0.29927412 0.46599249]"
2,RandomForestRegressor,"[-5.387899999999998, -5.147200000000001, -5.284599999999998, -5.5051999999999985, -5.305099999999995, -4.94005, -6.083150000000001, -6.1515499999999985, -6.056349999999998, -5.973650000000001, -4.862600000000003, -5.859450000000001, -6.3786000000000005, -6.172849999999999, -4.8363, -5.121350000000001, -4.718499999999999, -5.3414, -5.492899999999996, -4.635300000000001, -6.289400000000003, -5.278850000000001, -6.062149999999997, -4.5805000000000025, -4.658, -6.0373, -5.468349999999999, -5.2826999999999975, -5.7754499999999975, -5.990449999999999, -5.207099999999994, -5.413199999999996, -5.576349999999999, -5.260249999999998, -5.3167500000000025, -6.1591000000000005, -5.506699999999999, -5.70215, -5.99025, -4.879349999999997, -4.715399999999996, -4.833799999999999, -5.149399999999999, -6.057449999999998, -5.7939000000000025, -5.7331, -5.614749999999998, -5.0374, -6.207200000000001, -4.566899999999999, -5.115350000000001, -4.7375, -6.4188, -5.701449999999998, -4.7149, -5.484099999999996, -5.108849999999996, -5.840000000000001, -5.665, -5.840100000000001, -5.530699999999999, -5.09095, -6.196550000000002, -5.796899999999999, -6.295700000000002, -6.041199999999998, -6.180600000000001, -6.283400000000004, -4.5998, -5.880099999999999, -5.355299999999996, -5.194649999999996, -5.297399999999995, -5.274299999999996, -4.681300000000002, -6.19995, -5.113799999999999, -5.332599999999997, -5.775699999999997, -6.0199, -6.170099999999999, -4.560999999999998, -5.403750000000001, -6.178599999999999, -5.9805499999999965, -5.449949999999997, -5.254299999999997, -5.1967, -5.30375, -5.0859999999999985, -5.781999999999998, -4.826899999999997, -6.397700000000001, -6.405450000000002, -6.356200000000002, -4.6617, -6.013400000000002, -5.5566, -5.672450000000005, -5.924250000000002, -5.685600000000002, -6.1525000000000025, -4.850949999999997, -4.5977999999999986, -5.580699999999998, -6.3361499999999955, -5.697400000000004, -6.164049999999999, -4.5402, -5.1068999999999996, -6.277400000000003, -5.644700000000001, -6.102899999999997, -5.904950000000001, -4.895100000000001, -6.004150000000001, -6.320799999999994, -5.561199999999998, -5.752699999999997, -5.935150000000001, -4.7564, -6.1514500000000005, -6.115699999999999, -4.5565, -6.2509999999999994, -5.009549999999999, -6.029549999999998, -6.19635, -6.458449999999998, -5.325949999999995, -6.1202, -6.002849999999996, -5.0661, -4.597599999999999, -5.458899999999997, -5.255450000000003, -5.532399999999996, -5.291449999999998, -6.308800000000002, -6.514800000000001]","25   -6.120
23   -5.330
22   -5.490
13   -6.150
12   -5.840
30   -6.220
16   -6.000
15   -5.700
17   -5.000
26   -5.140
7    -5.920
8    -5.120
18   -7.640
5    -4.620
4    -8.000
6    -7.300
2    -8.000
28   -6.440
29   -5.550
35   -5.310
33   -4.620
31   -4.640
32   -5.350
34   -5.530
24   -5.020
21   -5.460
19   -5.860
0    -6.340
9    -6.930
10   -6.660
11   -6.230
14   -6.340
20   -5.900
3    -6.460
1    -5.760
27   -5.805
Name: Permeability, dtype: float64","[array([-5.60545, -6.0352 , -5.4131 , -6.1797 , -6.18955, -6.06   ,
       -5.03575, -5.1134 , -5.1867 , -5.31665, -6.125  , -5.32755,
       -6.5418 , -4.9953 , -6.16965, -6.4169 , -6.39005, -6.1595 ,
       -5.38855, -4.95205, -4.5704 , -4.6802 , -4.89585, -5.3682 ,
       -5.3613 , -5.4553 , -6.0065 , -6.2634 , -6.4575 , -6.4596 ,
       -6.3971 , -6.4375 , -5.78225, -6.13645, -6.24445, -5.93755]), array([-5.60035, -5.78905, -5.4913 , -6.15525, -6.3046 , -6.05455,
       -4.9687 , -5.0711 , -5.07705, -5.3336 , -5.83655, -5.3129 ,
       -6.4529 , -4.9786 , -6.1962 , -6.4189 , -6.36335, -6.11205,
       -5.36505, -4.9015 , -4.5545 , -4.6063 , -4.9521 , -5.38205,
       -5.3549 , -5.41405, -5.93015, -6.2674 , -6.4064 , -6.3806 ,
       -6.3391 , -6.4132 , -5.7341 , -6.21955, -6.20025, -5.92275]), array([-5.62605, -5.9097 , -5.54295, -6.09495, -6.20615, -6.0403 ,
       -5.0253 , -5.0723 , -5.14905, -5.34135, -5.94275, -5.37025,
       -6.46695, -5.0759 , -6.1531 , -6.3771 , -6.2709 , -6.12095,
       -5.6524 , -5.04375, -4.5253 , -4.6853 , -4.9756 , -5.41895,
       -5.5031 , -5.53035, -6.0044 , -6.2542 , -6.42225, -6.4496 ,
       -6.437  , -6.4363 , -5.8283 , -6.143  , -6.17075, -5.9513 ]), array([-5.5447 , -5.86315, -5.5942 , -6.21365, -6.2432 , -5.96815,
       -5.01425, -5.056  , -5.1192 , -5.36445, -5.95775, -5.3477 ,
       -6.54465, -5.10835, -6.13595, -6.42835, -6.36445, -6.06105,
       -5.4933 , -5.13345, -4.5963 , -4.6501 , -5.03835, -5.4389 ,
       -5.40345, -5.48995, -5.96945, -6.3048 , -6.4186 , -6.4981 ,
       -6.4681 , -6.449  , -5.83285, -6.17775, -6.2193 , -5.89995]), array([-5.7069 , -5.73505, -5.50955, -6.1885 , -6.263  , -5.937  ,
       -5.06395, -5.11025, -5.17335, -5.31835, -5.9161 , -5.36895,
       -6.5662 , -5.0886 , -6.14535, -6.3318 , -6.4287 , -6.1129 ,
       -5.68655, -5.1448 , -4.5653 , -4.6379 , -4.9365 , -5.43815,
       -5.45825, -5.62905, -5.91525, -6.231  , -6.2845 , -6.3189 ,
       -6.2796 , -6.3213 , -5.91155, -6.3203 , -6.2081 , -6.1135 ]), array([-5.61275, -6.01525, -5.4677 , -6.2081 , -6.34795, -6.0675 ,
       -4.9765 , -5.051  , -5.13875, -5.3052 , -5.9201 , -5.3471 ,
       -6.5178 , -5.05125, -6.3251 , -6.36235, -6.4108 , -6.1    ,
       -5.4452 , -5.04   , -4.5589 , -4.6474 , -5.03425, -5.3423 ,
       -5.44495, -5.40365, -6.0675 , -6.33245, -6.4349 , -6.3882 ,
       -6.40665, -6.4382 , -5.79905, -6.22155, -6.2144 , -5.9691 ]), array([-5.5962 , -6.0055 , -5.40075, -6.1588 , -6.24375, -5.94935,
       -4.9999 , -5.0925 , -5.15875, -5.29145, -5.89395, -5.32725,
       -6.5183 , -5.0188 , -6.1976 , -6.3643 , -6.37385, -6.03525,
       -5.5349 , -5.1073 , -4.5445 , -4.6305 , -5.01895, -5.37275,
       -5.3362 , -5.4573 , -5.9281 , -6.31525, -6.4767 , -6.4958 ,
       -6.4287 , -6.4892 , -5.81695, -6.2744 , -6.25375, -5.913  ]), array([-5.53225, -5.86545, -5.45415, -6.1437 , -6.20145, -6.1347 ,
       -4.9636 , -5.0405 , -5.1384 , -5.30345, -5.93395, -5.3426 ,
       -6.4826 , -5.07305, -6.27955, -6.40705, -6.49855, -6.05085,
       -5.4185 , -5.0991 , -4.5604 , -4.6463 , -5.00125, -5.31505,
       -5.4107 , -5.39835, -6.02565, -6.2832 , -6.4809 , -6.4396 ,
       -6.4671 , -6.4319 , -5.80165, -6.2133 , -6.13575, -5.795  ]), array([-5.5591 , -5.8717 , -5.4584 , -6.1599 , -6.2629 , -6.07505,
       -4.975  , -5.0559 , -5.1462 , -5.3314 , -5.96475, -5.34325,
       -6.5865 , -5.0166 , -6.35665, -6.4089 , -6.3829 , -6.06145,
       -5.39215, -5.0613 , -4.5251 , -4.5754 , -4.95985, -5.345  ,
       -5.4147 , -5.4361 , -6.0316 , -6.1795 , -6.485  , -6.5256 ,
       -6.4856 , -6.4297 , -5.76495, -6.16055, -6.1378 , -5.7698 ]), array([-5.61095, -5.84985, -5.52865, -6.21825, -6.27835, -5.9922 ,
       -5.0549 , -5.07945, -5.18825, -5.36965, -5.91375, -5.35685,
       -6.5532 , -5.02735, -6.20165, -6.4044 , -6.3174 , -6.06755,
       -5.5676 , -5.15355, -4.592  , -4.6508 , -4.95335, -5.43935,
       -5.48555, -5.53545, -5.9542 , -6.34245, -6.417  , -6.4456 ,
       -6.34645, -6.4301 , -5.8548 , -6.17615, -6.22065, -5.9564 ])]","[-5.59947  -5.89399  -5.486075 -6.17208  -6.25409  -6.02788  -5.007785
 -5.07424  -5.14757  -5.327555 -5.940465 -5.34444  -6.52309  -5.04338
 -6.21608  -6.392005 -6.380095 -6.088155 -5.49442  -5.06368  -4.55927
 -4.64102  -4.976605 -5.38607  -5.41731  -5.474955 -5.98328  -6.277365
 -6.428375 -6.44016  -6.40554  -6.42764  -5.812645 -6.2043   -6.20052
 -5.922835]","[0.04663807 0.09370736 0.05660852 0.0358431  0.0464399  0.06030703
 0.03478602 0.0235626  0.03149523 0.024419   0.07047937 0.01737512
 0.04167675 0.04043784 0.0735965  0.029704   0.05819121 0.03681334
 0.10745114 0.07899964 0.02273011 0.03061754 0.04369059 0.04310743
 0.05320737 0.06896974 0.04872463 0.04695809 0.05535051 0.05933043
 0.06283181 0.04009335 0.04680256 0.05545614 0.03845331 0.09001608]"
3,GradientBoostingRegressor,"[-5.534827866659832, -5.090545910527604, -5.1869062108788375, -5.488120803337944, -5.110245928273463, -5.154963433869706, -6.344824243077253, -6.287636138866966, -6.043779973396308, -6.153376300113732, -4.84782698120221, -6.026062180542199, -6.40944776310828, -6.236700961323976, -4.920691518781961, -4.981044934293858, -4.685681230555924, -5.231756223986543, -5.417043191637262, -4.679795655612545, -6.439967800487215, -5.2780569881068535, -5.9630150889397875, -4.559766470926855, -4.65176193549147, -5.974238540999076, -5.3895344882699305, -5.249712445456073, -5.901721538974399, -6.03183339915705, -5.0646311603196095, -5.390805060720627, -5.526981463506727, -5.241001985444199, -5.294405488700464, -6.094769382594196, -5.377705701833303, -5.438202233162982, -6.065580307581982, -4.863360818344078, -4.814241107778415, -5.037678620447856, -4.900521338784968, -6.1698875427139255, -5.910029812978981, -5.658809110886771, -5.575033359422683, -5.020703426249053, -6.262913608123536, -4.505030760253551, -5.096994566996992, -4.63745041586414, -6.536203390429047, -5.805848729878409, -4.759989703785923, -5.585022377037614, -4.990219011709891, -5.8607864771077125, -5.639657384670398, -5.903215676966886, -5.404026804864317, -4.959772170744896, -6.18183835173763, -5.8493101274226325, -6.200046485908912, -6.188095243013732, -6.392894962938262, -6.1695972938942285, -4.569560790514964, -5.830503038512656, -5.365518614689321, -5.155048564618464, -5.384845260396176, -5.34474793458567, -4.683748084249067, -6.491661510690589, -5.056643039725658, -5.3708662082898355, -5.8326928551962745, -5.880064373192377, -6.109969247332717, -4.554206437571403, -5.248870951173118, -6.260964071703367, -6.036586666363569, -5.398718577365391, -5.04359028211792, -4.920287209994853, -5.31335892399343, -4.888630056180454, -5.855882512306554, -4.887789189087467, -6.372587407532947, -6.576852187979772, -6.257751574776115, -4.6105225663195775, -6.393687205646936, -5.557426314546074, -5.787065492646595, -5.915782705077125, -5.769294515184651, -6.100798716411293, -4.818972350782947, -4.5251872816774785, -5.679794580479022, -6.420543204398816, -5.659696082020158, -5.966504289528372, -4.426538948441057, -5.082021692386356, -6.182039504600207, -5.484097727798251, -6.402226296866134, -6.030018387418037, -4.9812892819577, -6.169358088905316, -6.422744760566868, -5.4807080801639705, -5.6957816129952885, -6.096743535937254, -5.0781206480746945, -6.003912965166088, -6.110095130791874, -4.621262796684746, -6.242779469154221, -4.986412806067699, -6.163456801913134, -6.279740750887487, -6.69350644845893, -5.2916567226120526, -5.995668779785486, -5.876110292800091, -5.061307381505184, -4.538339772902512, -5.394065206235254, -5.285742963075762, -5.503359866795358, -5.219547420928051, -6.062897622388857, -6.682667738748313]","25   -6.120
23   -5.330
22   -5.490
13   -6.150
12   -5.840
30   -6.220
16   -6.000
15   -5.700
17   -5.000
26   -5.140
7    -5.920
8    -5.120
18   -7.640
5    -4.620
4    -8.000
6    -7.300
2    -8.000
28   -6.440
29   -5.550
35   -5.310
33   -4.620
31   -4.640
32   -5.350
34   -5.530
24   -5.020
21   -5.460
19   -5.860
0    -6.340
9    -6.930
10   -6.660
11   -6.230
14   -6.340
20   -5.900
3    -6.460
1    -5.760
27   -5.805
Name: Permeability, dtype: float64","[array([-5.69683657, -6.140526  , -5.5169131 , -5.84938183, -6.20369867,
       -6.27537957, -5.02846119, -4.97744448, -4.96173432, -5.36995624,
       -5.96847728, -5.34513358, -6.78770808, -5.17269308, -6.51734936,
       -6.44088051, -6.2766325 , -6.11655898, -5.55870759, -4.91840242,
       -4.54692277, -4.75273214, -4.97989611, -5.32500709, -5.39700636,
       -5.40227097, -6.00939915, -6.32714862, -6.60103913, -6.49369846,
       -6.36875411, -6.45016003, -5.93418502, -6.53343635, -6.19775146,
       -6.02878611]), array([-5.56038511, -5.95961295, -5.53584274, -6.18427428, -6.13115995,
       -6.00006155, -4.99767559, -4.98352759, -4.99919873, -5.34024428,
       -5.7607867 , -5.25089813, -6.51917975, -5.00876999, -6.614062  ,
       -6.42908012, -6.46214799, -6.06213007, -5.44943696, -5.09443232,
       -4.55913652, -4.68302826, -4.84014129, -5.36517292, -5.4033053 ,
       -5.41874303, -5.90026955, -6.22380558, -6.52359711, -6.46098832,
       -6.44009678, -6.45449954, -5.66116628, -6.52641572, -6.15583464,
       -5.88997439]), array([-5.76489184, -5.74610739, -5.55018779, -6.10636476, -6.31459455,
       -6.09424438, -5.04014014, -5.01657404, -5.00414743, -5.36000594,
       -5.91838334, -5.39079716, -6.74926344, -5.13736568, -6.52353758,
       -6.3453666 , -6.43563146, -6.20988703, -5.62262701, -4.984271  ,
       -4.59277858, -4.79741535, -5.02091767, -5.2671849 , -5.43591686,
       -5.54376149, -5.99837914, -6.16550808, -6.53401465, -6.48207837,
       -6.49659914, -6.33773351, -5.76494325, -6.29366999, -6.19011077,
       -6.06041619]), array([-5.55832771, -6.19104763, -5.60815058, -6.17642834, -6.15006584,
       -5.98436501, -5.09910678, -5.07960605, -4.91223495, -5.23235365,
       -5.94228357, -5.27524962, -6.69632648, -5.1306866 , -6.4954688 ,
       -6.39089341, -6.42887332, -6.0927769 , -5.61796757, -5.26543256,
       -4.56458192, -4.76043652, -5.06393732, -5.2412679 , -5.37969694,
       -5.44911597, -6.02806832, -6.29569226, -6.57867866, -6.63741383,
       -6.59112886, -6.4889841 , -5.96264998, -6.53788248, -6.30353948,
       -5.99573623]), array([-5.67906022, -5.78425758, -5.63597941, -5.99294112, -6.34776428,
       -5.89006598, -5.0750145 , -5.0750145 , -4.91273691, -5.22410581,
       -5.79706878, -5.60284947, -6.77234214, -5.0845199 , -6.23226198,
       -6.21971921, -6.5747436 , -6.19681708, -5.53275843, -5.11069081,
       -4.55618002, -4.72739905, -4.93808649, -5.39678499, -5.48119626,
       -5.74502829, -5.83327082, -6.16363208, -6.23035614, -6.25629727,
       -6.00916457, -6.39060471, -6.06074035, -6.44672852, -6.23167575,
       -6.26142496]), array([-5.61657229, -6.11079001, -5.51856187, -6.24885916, -6.36868262,
       -6.21225794, -4.98969499, -5.04698315, -4.99746517, -5.29580228,
       -6.21465608, -5.22187039, -6.7106914 , -5.0395609 , -6.5539873 ,
       -6.3587995 , -6.49856055, -6.23967136, -5.62341704, -4.89292916,
       -4.54840187, -4.7485205 , -5.02040634, -5.37018236, -5.50156609,
       -5.46691134, -6.00747395, -6.39147482, -6.56195278, -6.48241653,
       -6.42942923, -6.45400401, -5.91335771, -6.56350511, -6.1575773 ,
       -6.07796073]), array([-5.68418313, -5.94085597, -5.56840041, -6.23632389, -6.23874273,
       -5.98692162, -5.05471242, -5.00936724, -4.92920343, -5.31533538,
       -5.86275788, -5.20346357, -6.68277391, -5.02426037, -6.14611719,
       -6.19988577, -6.31844616, -6.01468287, -5.57805282, -4.98611506,
       -4.56882249, -4.75000469, -5.01978688, -5.21904779, -5.35319142,
       -5.48771633, -5.96846393, -6.40687052, -6.50841022, -6.58017499,
       -6.47825646, -6.59478358, -5.82158444, -6.38284946, -6.30864172,
       -5.9218836 ]), array([-5.4097924 , -6.11495549, -5.49743489, -6.07465475, -6.2938123 ,
       -6.30078486, -5.0922962 , -5.03294818, -5.06593912, -5.31566689,
       -5.86048163, -5.28099921, -6.67025146, -5.14845542, -6.6361488 ,
       -6.33182303, -6.46212447, -6.04384021, -5.38332523, -4.86350343,
       -4.57509924, -4.68894276, -5.18034665, -5.26736632, -5.56290049,
       -5.41796799, -6.03189716, -6.28297743, -6.55834043, -6.4893006 ,
       -6.46952967, -6.37422981, -5.90659072, -6.39204528, -6.11590716,
       -5.94520629]), array([-5.59268093, -6.05970951, -5.46783   , -6.13104081, -6.28349928,
       -6.16093437, -5.03793434, -4.96917929, -4.89993149, -5.28480253,
       -5.86238648, -5.41577984, -6.82803504, -5.13924003, -6.59412286,
       -6.38825978, -6.37486943, -6.14244568, -5.59828749, -5.37199826,
       -4.61106986, -4.69055891, -5.02182515, -5.31127996, -5.41457099,
       -5.48203935, -6.07209949, -6.26397035, -6.71607227, -6.65667129,
       -6.61486702, -6.65837008, -5.82077671, -6.51362735, -6.09620712,
       -5.8406455 ]), array([-5.41685132, -6.11873825, -5.55247927, -6.23107326, -6.60207416,
       -6.089043  , -5.15302852, -5.08562154, -5.07577235, -5.39865165,
       -5.64839232, -5.28115338, -6.77147338, -4.98715481, -6.36783861,
       -6.37936072, -6.40199947, -6.10402913, -5.56307614, -5.26167557,
       -4.61102321, -4.73331438, -5.05392188, -5.47718303, -5.50307062,
       -5.4609219 , -6.00105147, -6.47961821, -6.45409742, -6.43645229,
       -6.32526528, -6.42668465, -5.75871294, -6.50580722, -6.26468506,
       -6.22321975])]","[-5.59795815 -6.01666008 -5.54517801 -6.12313422 -6.29340944 -6.09940583
 -5.05680647 -5.02762661 -4.97583639 -5.31369246 -5.88356741 -5.32681944
 -6.71880451 -5.08727068 -6.46808945 -6.34840687 -6.4234029  -6.12228393
 -5.55276563 -5.07494506 -4.57340165 -4.73323525 -5.01392658 -5.32404773
 -5.44324213 -5.48744767 -5.9850373  -6.30006979 -6.52665588 -6.4975492
 -6.42230911 -6.4630054  -5.86047074 -6.46959675 -6.20219305 -6.02452537]","[0.11100395 0.14586286 0.04762847 0.11892538 0.12741678 0.12952035
 0.04699067 0.04128983 0.06006876 0.05388568 0.14169269 0.11286028
 0.08205107 0.06369887 0.15760597 0.07643452 0.08191688 0.07071235
 0.07534187 0.16718475 0.02266623 0.03477338 0.08312343 0.07553039
 0.06284527 0.0943111  0.06606967 0.09843017 0.11824646 0.10748591
 0.16118272 0.09309206 0.11099395 0.08309513 0.07025706 0.13012838]"
4,AdaBoostRegressor,"[-5.433913043478261, -5.074166666666666, -5.201538461538459, -5.529166666666666, -5.216018518518517, -5.064242424242423, -6.1949999999999985, -6.145079365079368, -6.089714285714284, -5.99636363636364, -5.010000000000001, -5.99636363636364, -6.291578947368419, -6.07720588235294, -4.887692307692308, -5.1898750000000025, -4.560454545454545, -5.19514705882353, -5.398153846153845, -4.658571428571429, -6.234396551724139, -5.19514705882353, -6.247741935483871, -4.560454545454545, -4.632857142857143, -6.040925925925925, -5.19514705882353, -5.1898750000000025, -5.734473684210526, -6.105294117647057, -5.143888888888888, -5.2406250000000005, -5.552799999999999, -5.188437500000001, -5.292, -6.105294117647057, -5.418299999999999, -5.359565217391302, -6.1651851851851855, -5.068484848484848, -4.904833333333333, -4.7013043478260865, -5.135476190476191, -6.0600000000000005, -5.66, -5.819680851063831, -5.50557142857143, -5.063859649122807, -6.2324, -4.596666666666667, -5.220568181818181, -4.9312499999999995, -6.373921568627451, -5.623333333333332, -5.001153846153847, -5.352625, -5.145384615384615, -5.450333333333333, -5.659722222222221, -5.7930172413793075, -5.447073170731705, -5.140000000000002, -6.15, -5.7926666666666655, -6.212941176470588, -6.043235294117648, -6.108800000000002, -6.170972222222223, -4.709090909090909, -6.075348837209303, -5.312857142857142, -5.091063829787233, -5.228571428571425, -5.215999999999999, -4.857, -6.28134328358209, -5.153666666666666, -5.26042553191489, -5.740641025641027, -6.120666666666668, -6.299487179487181, -4.593333333333334, -5.653389830508479, -5.864629629629631, -5.741025641025643, -5.502222222222223, -5.106666666666666, -5.085, -5.34226666666667, -5.34226666666667, -5.733111111111114, -4.894, -6.287222222222223, -6.274411764705882, -6.4, -4.601666666666667, -5.873000000000002, -5.730410958904107, -5.496923076923074, -5.762857142857143, -5.633600000000002, -6.210444444444446, -4.848750000000001, -4.684399999999998, -5.460169491525424, -6.211333333333332, -5.633600000000002, -6.106341463414633, -4.658800000000001, -5.100740740740741, -6.3137037037037045, -5.622666666666666, -6.0862500000000015, -5.961666666666666, -5.003714285714285, -6.0348076923076945, -6.4271052631578955, -5.49157894736842, -5.456400000000002, -6.076829268292685, -5.101944444444446, -6.13671875, -6.201666666666668, -4.6899999999999995, -6.196857142857146, -5.156666666666668, -6.193249999999998, -6.266000000000002, -6.419999999999998, -5.2575, -6.228372093023256, -5.94771739130435, -5.21, -4.638888888888889, -5.46, -5.158461538461539, -5.355185185185184, -5.2575, -6.236190476190475, -6.456666666666668]","25   -6.120
23   -5.330
22   -5.490
13   -6.150
12   -5.840
30   -6.220
16   -6.000
15   -5.700
17   -5.000
26   -5.140
7    -5.920
8    -5.120
18   -7.640
5    -4.620
4    -8.000
6    -7.300
2    -8.000
28   -6.440
29   -5.550
35   -5.310
33   -4.620
31   -4.640
32   -5.350
34   -5.530
24   -5.020
21   -5.460
19   -5.860
0    -6.340
9    -6.930
10   -6.660
11   -6.230
14   -6.340
20   -5.900
3    -6.460
1    -5.760
27   -5.805
Name: Permeability, dtype: float64","[array([-5.56483871, -6.04028571, -5.45928571, -6.19475   , -6.23146341,
       -6.17424242, -5.06424242, -5.07416667, -5.20394737, -5.33717391,
       -6.0348    , -5.39055556, -6.484     , -5.1414    , -6.4496875 ,
       -6.345     , -6.40833333, -6.17424242, -5.33717391, -5.07416667,
       -4.62125   , -4.65933333, -5.1414    , -5.39055556, -5.45909091,
       -5.36201754, -6.17424242, -6.24654545, -6.35611111, -6.35611111,
       -6.34807692, -6.29157895, -5.6122973 , -6.4496875 , -6.20788732,
       -6.14507937]), array([-5.630625  , -6.11333333, -5.41125   , -6.22738095, -6.24774194,
       -6.18553191, -5.138625  , -5.08761905, -5.077     , -5.19514706,
       -5.93142857, -5.2006    , -6.255     , -5.08761905, -6.23194444,
       -6.248     , -6.23439655, -6.23108108, -5.27189655, -4.81571429,
       -4.56045455, -4.67074074, -5.07966667, -5.31461538, -5.27189655,
       -5.22902439, -6.22439024, -6.23194444, -6.23595745, -6.24774194,
       -6.23595745, -6.23595745, -5.71333333, -6.07454545, -6.23194444,
       -6.13333333]), array([-5.5528    , -5.87938776, -5.45172414, -6.42416667, -6.41384615,
       -6.06918182, -5.11236842, -5.14388889, -5.15991071, -5.24860465,
       -5.85671429, -5.24307692, -6.42685714, -5.155     , -6.42981818,
       -6.2345    , -6.42981818, -6.16518519, -5.20877778, -4.94576923,
       -4.6       , -4.94615385, -5.155     , -5.21735294, -5.24860465,
       -5.32274194, -6.15181818, -6.42981818, -6.27538462, -6.27267857,
       -6.27538462, -6.27538462, -5.76443182, -6.32      , -6.24275862,
       -5.95571429]), array([-5.58647059, -5.918     , -5.46978261, -6.30770492, -6.26669643,
       -6.1       , -5.13547619, -5.16725806, -5.13777778, -5.28053571,
       -5.86857143, -5.39217391, -6.46661765, -5.09388889, -6.30770492,
       -6.26669643, -6.46661765, -6.15708333, -5.36336538, -5.06385965,
       -4.60307692, -4.77106061, -5.13547619, -5.30076923, -5.39217391,
       -5.36336538, -6.1875    , -6.31776786, -6.36625   , -6.34742857,
       -6.34742857, -6.29617647, -5.83423077, -6.31776786, -6.29617647,
       -6.07631579]), array([-5.65972222, -5.78347458, -5.39254098, -6.21851064, -6.31823529,
       -5.95681818, -5.12970588, -5.12970588, -5.14604651, -5.31630435,
       -5.86833333, -5.39254098, -6.4475    , -5.14      , -6.38761905,
       -6.15714286, -6.5       , -6.19604167, -5.78347458, -5.191     ,
       -4.66307692, -4.77666667, -5.11175   , -5.40068966, -5.42411765,
       -5.69      , -6.15      , -6.38761905, -6.27804348, -6.29464286,
       -6.15714286, -6.28      , -5.9359375 , -6.38761905, -6.29952381,
       -6.03411765]), array([-5.59      , -5.93      , -5.39037037, -6.385     , -6.33837838,
       -6.09601852, -5.03391304, -5.05967742, -5.15366667, -5.26042553,
       -6.02083333, -5.262     , -6.48526316, -5.07038462, -6.39102564,
       -6.28785714, -6.52857143, -6.168     , -5.27428571, -5.09106383,
       -4.58075   , -4.76076923, -5.16543478, -5.30184211, -5.39037037,
       -5.33194444, -6.118     , -6.30689655, -6.36333333, -6.37863636,
       -6.37863636, -6.33083333, -5.74064103, -6.25159574, -6.25675676,
       -6.24774194]), array([-5.61714286, -5.92384615, -5.41391304, -6.22791667, -6.24888889,
       -6.08288889, -5.085     , -5.09734375, -5.1062069 , -5.34226667,
       -5.73041096, -5.38935484, -6.47      , -5.10666667, -6.2730303 ,
       -6.28238095, -6.36742857, -6.13770833, -5.41391304, -4.98058824,
       -4.56666667, -4.67571429, -5.10666667, -5.29423077, -5.35590909,
       -5.37746988, -5.99825   , -6.3224    , -6.32588235, -6.28722222,
       -6.28722222, -6.3224    , -5.62066667, -6.36742857, -6.3224    ,
       -6.07      ]), array([-5.35857143, -5.93363636, -5.4378125 , -6.21044444, -6.30826087,
       -6.11608333, -5.0572549 , -5.0572549 , -5.10074074, -5.2804902 ,
       -5.9196    , -5.25824074, -6.32689655, -5.131875  , -6.34095238,
       -6.19307692, -6.32689655, -6.08533333, -5.2804902 , -5.00866667,
       -4.67166667, -4.66375   , -5.131875  , -5.24576271, -5.2804902 ,
       -5.2804902 , -6.10634146, -6.3137037 , -6.29291667, -6.21      ,
       -6.21044444, -6.30642857, -5.71466667, -6.32689655, -6.10525   ,
       -5.89897436]), array([-5.51142857, -5.8952    , -5.44215909, -6.25415094, -6.25415094,
       -6.10826087, -5.03368421, -5.03368421, -5.17837838, -5.2782    ,
       -5.99945455, -5.29660714, -6.42710526, -5.13030303, -6.34448276,
       -6.20764706, -6.326875  , -6.1573913 , -5.32844262, -5.1245    ,
       -4.56666667, -4.76      , -5.1245    , -5.29660714, -5.35888889,
       -5.35888889, -6.2378    , -6.25415094, -6.42710526, -6.44      ,
       -6.42710526, -6.3975    , -5.62647059, -6.36393939, -6.19685714,
       -5.83408451]), array([-5.4162963 , -6.12821429, -5.395625  , -6.36361111, -6.42533333,
       -6.16218182, -5.15846154, -5.16754386, -5.16754386, -5.2575    ,
       -5.87805556, -5.39277778, -6.42533333, -5.15820755, -6.41558824,
       -6.22909091, -6.39222222, -6.23619048, -5.29797872, -5.054     ,
       -4.625     , -4.702     , -5.0575    , -5.19022727, -5.37204082,
       -5.29797872, -6.17857143, -6.29521739, -6.23619048, -6.22909091,
       -6.22909091, -6.22909091, -5.63090909, -6.392     , -6.22837209,
       -6.10051724])]","[-5.54878957 -5.95453782 -5.42644634 -6.28136363 -6.30529956 -6.10512078
 -5.09487316 -5.10181427 -5.14312189 -5.27966481 -5.9108202  -5.32179279
 -6.42145731 -5.12153448 -6.35718534 -6.24513923 -6.39811595 -6.17082571
 -5.35597985 -5.03493286 -4.60586084 -4.73861887 -5.12092693 -5.29526528
 -5.3553583  -5.36139214 -6.15269137 -6.31060636 -6.31571747 -6.30635525
 -6.28964896 -6.29653503 -5.71935848 -6.32514801 -6.23879267 -6.04958785]","[0.0906644  0.10221514 0.02785771 0.07847605 0.06596513 0.06206316
 0.04363117 0.04532121 0.03674281 0.04188286 0.08716093 0.07309095
 0.07055686 0.02852399 0.06704848 0.05087935 0.08433793 0.04167208
 0.15223328 0.09895439 0.03743524 0.08265323 0.03149339 0.06340284
 0.06506001 0.1177713  0.06476266 0.05837095 0.05934237 0.06897474
 0.08009741 0.04593579 0.10014919 0.09770871 0.05917149 0.11717487]"
5,XGBRegressor,"[-5.377801, -5.187468, -5.284021, -5.3789787, -5.2381606, -5.1229978, -6.287106, -6.318396, -6.295311, -5.8075995, -4.9925127, -5.61322, -6.3885736, -6.2377687, -4.662755, -5.197849, -4.7955766, -5.4819784, -5.2798624, -4.462683, -6.646541, -5.3848567, -5.9105196, -4.555366, -4.6213984, -5.563175, -5.316166, -5.372413, -5.523403, -6.1156187, -5.1242285, -5.1376476, -5.4172893, -5.34769, -5.251032, -6.093351, -5.557581, -5.6738315, -5.8459888, -4.714612, -5.1972013, -4.730749, -5.1260495, -6.054703, -5.7404313, -6.0748305, -5.677657, -5.0023165, -6.2435327, -4.439577, -5.232059, -4.723686, -6.5960283, -5.65959, -4.8824987, -5.464973, -5.245542, -6.1389413, -5.6816487, -6.275431, -5.2979617, -5.112488, -6.046121, -5.78718, -6.4022713, -5.9937654, -6.53613, -6.299278, -4.531985, -5.983759, -5.2799363, -5.163201, -5.25593, -5.284998, -4.94748, -6.4671493, -5.2129145, -5.2870812, -6.5242577, -6.0840206, -6.2194486, -4.519428, -4.947899, -6.40511, -5.838538, -5.4707036, -5.136838, -5.0305023, -5.2587814, -5.1667542, -5.771777, -4.893236, -6.1884613, -6.466417, -6.162449, -4.656725, -7.1453943, -5.7612205, -5.904813, -6.033826, -6.2282705, -5.8811827, -4.737942, -4.5401325, -5.7465553, -6.577249, -6.00446, -6.0515, -4.435207, -5.1506777, -6.125606, -5.4495997, -6.207948, -5.852782, -4.8845367, -5.808857, -6.5530605, -5.7595806, -5.594676, -6.158128, -5.0248804, -6.519121, -5.951008, -4.8208055, -6.294234, -4.9500875, -6.061232, -6.38721, -6.6536074, -5.2396464, -6.3289127, -6.0077677, -5.1544557, -4.5913415, -5.309905, -5.194379, -5.5660834, -5.331297, -6.419053, -6.799231]","25   -6.120
23   -5.330
22   -5.490
13   -6.150
12   -5.840
30   -6.220
16   -6.000
15   -5.700
17   -5.000
26   -5.140
7    -5.920
8    -5.120
18   -7.640
5    -4.620
4    -8.000
6    -7.300
2    -8.000
28   -6.440
29   -5.550
35   -5.310
33   -4.620
31   -4.640
32   -5.350
34   -5.530
24   -5.020
21   -5.460
19   -5.860
0    -6.340
9    -6.930
10   -6.660
11   -6.230
14   -6.340
20   -5.900
3    -6.460
1    -5.760
27   -5.805
Name: Permeability, dtype: float64","[array([-5.542671 , -6.1174407, -5.4171677, -5.904527 , -6.3752275,
       -6.3288608, -5.1127486, -5.1112885, -5.024496 , -5.389375 ,
       -5.8728065, -5.3645725, -6.747836 , -5.2090178, -6.7265177,
       -6.3253736, -6.0951076, -6.379794 , -5.2836103, -4.7916164,
       -4.512127 , -4.6329565, -5.1755486, -5.241222 , -5.2933655,
       -5.4043884, -6.2226324, -6.3975887, -6.2295704, -6.2612   ,
       -6.1572394, -6.0536423, -6.0634136, -5.962919 , -6.4956512,
       -6.0777426], dtype=float32), array([-5.5342965, -5.891832 , -5.443666 , -6.070043 , -6.496864 ,
       -6.03148  , -4.8911963, -5.0418553, -5.069635 , -5.3065014,
       -5.8843703, -5.2690787, -6.5506954, -5.1875987, -6.3158555,
       -6.3514624, -6.3565264, -6.1496463, -5.2488146, -5.073151 ,
       -4.520033 , -4.6541495, -4.9718127, -5.2582064, -5.3222   ,
       -5.265647 , -5.9504805, -5.9146137, -6.140735 , -6.015139 ,
       -6.0158505, -6.1291447, -5.8753715, -6.3162274, -6.177047 ,
       -6.143684 ], dtype=float32), array([-5.626581 , -6.075907 , -5.1844716, -5.9764194, -6.3048005,
       -6.396398 , -4.915587 , -4.9611316, -5.0261645, -5.310689 ,
       -5.8446994, -5.451544 , -6.724635 , -5.2469664, -6.692357 ,
       -6.1801066, -6.087265 , -6.245002 , -5.4152756, -4.6899037,
       -4.5401883, -4.723207 , -4.996271 , -5.2255034, -5.3539586,
       -5.4805455, -5.8859434, -6.4067864, -6.41191  , -6.4357653,
       -6.350648 , -6.1678042, -5.868446 , -5.955286 , -6.4966927,
       -5.9223123], dtype=float32), array([-5.783576 , -6.2972465, -5.5038414, -6.239851 , -6.0449305,
       -6.14467  , -5.1399126, -5.1221666, -5.351083 , -5.242264 ,
       -6.2656612, -5.4218693, -6.6682596, -5.1841326, -6.2564936,
       -6.419416 , -6.2596717, -6.0324354, -5.342547 , -4.9789343,
       -4.5409   , -4.635646 , -5.0156364, -5.1357865, -5.1282916,
       -5.1243424, -6.1225896, -6.3263702, -6.5690436, -6.522413 ,
       -6.5327244, -6.412527 , -6.0127406, -6.2877455, -6.2907133,
       -5.798273 ], dtype=float32), array([-5.7664847, -5.7548366, -5.665469 , -5.895345 , -6.196568 ,
       -6.2555995, -5.0794096, -5.1009965, -4.962868 , -5.1366673,
       -5.897157 , -5.448022 , -6.4855657, -5.1560574, -6.1999564,
       -6.0389104, -6.213237 , -6.4023285, -5.8014703, -5.2418294,
       -4.562842 , -4.5879664, -4.909332 , -5.5518584, -5.540346 ,
       -5.770111 , -5.8779254, -5.9217296, -6.050871 , -6.1453223,
       -6.0410705, -6.041672 , -6.3112216, -6.2124467, -6.377701 ,
       -6.2572827], dtype=float32), array([-5.8479505, -6.6290703, -5.2859974, -6.4883027, -6.3545575,
       -6.3225985, -4.9065113, -5.0433106, -5.1702824, -5.282463 ,
       -5.804743 , -5.242936 , -6.664826 , -5.015499 , -6.5328856,
       -6.279408 , -6.361188 , -6.1987414, -5.428785 , -5.0180817,
       -4.492319 , -4.674476 , -5.160712 , -5.2980742, -5.450444 ,
       -5.359154 , -6.190063 , -6.3842907, -6.5974913, -6.3304234,
       -6.3299055, -6.4890304, -5.731435 , -5.9546213, -6.289945 ,
       -6.070558 ], dtype=float32), array([-5.5258884, -6.026927 , -5.5771213, -6.335504 , -6.1678834,
       -6.045056 , -4.984766 , -4.9314   , -5.033685 , -5.2930675,
       -5.733673 , -5.3785887, -6.6976075, -5.160805 , -5.763678 ,
       -5.9465303, -6.3564987, -6.0001106, -5.3989973, -4.9448314,
       -4.530636 , -4.6138363, -4.8311353, -5.214818 , -5.3072577,
       -5.4169307, -6.0634193, -6.5022726, -6.5721474, -6.4577   ,
       -6.4389415, -6.4639187, -5.9224167, -6.124583 , -6.5263476,
       -5.6374645], dtype=float32), array([-5.656627 , -6.2288065, -5.3680725, -6.0366488, -6.1060405,
       -6.3639636, -5.0327344, -4.9571223, -5.020312 , -5.3296046,
       -5.597984 , -5.186333 , -6.5537767, -5.075608 , -6.6584854,
       -6.2872114, -6.4163785, -6.152116 , -5.2651796, -4.8528085,
       -4.5224257, -4.6261067, -5.1041255, -5.129494 , -5.271172 ,
       -5.3568645, -5.866411 , -6.2064023, -6.595165 , -6.468795 ,
       -6.4809737, -6.330657 , -5.722019 , -6.0510287, -6.267473 ,
       -5.8666897], dtype=float32), array([-5.575435 , -5.9849067, -5.522669 , -6.1206474, -6.4287868,
       -6.2295084, -4.8803034, -4.879495 , -5.0268636, -5.2824078,
       -5.8447537, -5.2853856, -6.5932603, -5.0552363, -6.795347 ,
       -6.507851 , -6.4902315, -6.11331  , -5.3131046, -5.231229 ,
       -4.510685 , -4.6438565, -5.165924 , -5.097454 , -5.3838463,
       -5.3986044, -6.230003 , -6.1570144, -6.4823227, -6.309608 ,
       -6.2910037, -6.600296 , -5.782791 , -6.2021275, -6.1592836,
       -5.9573717], dtype=float32), array([-5.790712 , -5.741972 , -5.461282 , -6.259911 , -6.5655866,
       -6.3607125, -5.147946 , -5.0804415, -5.1775813, -5.195994 ,
       -5.7094765, -5.1976852, -6.644119 , -4.9692416, -6.605408 ,
       -6.421386 , -6.1705613, -6.0812187, -5.58384  , -5.0706935,
       -4.5325203, -4.6177616, -4.9995394, -5.4774127, -5.541931 ,
       -5.243126 , -6.0663586, -6.458794 , -6.294615 , -6.2081704,
       -6.080808 , -6.576206 , -5.874686 , -6.174654 , -6.1299634,
       -5.9341073], dtype=float32)]","[-5.6650224 -6.074895  -5.4429755 -6.13272   -6.3041244 -6.2478848
 -5.0091114 -5.0229206 -5.086297  -5.276903  -5.8455324 -5.324601
 -6.633058  -5.126016  -6.454698  -6.2757654 -6.2806664 -6.1754704
 -5.408162  -4.989308  -4.5264673 -4.6409965 -5.033004  -5.262983
 -5.3592815 -5.381972  -6.047583  -6.267586  -6.3943872 -6.315454
 -6.2719164 -6.3264894 -5.9164543 -6.1241636 -6.3210816 -5.966549 ]","[0.11601789 0.25283125 0.13252649 0.18476133 0.16284963 0.12626202
 0.10148218 0.08058017 0.10913286 0.06721588 0.16595021 0.09583111
 0.08031481 0.08668561 0.30294058 0.16663927 0.13010424 0.1279682
 0.16149426 0.1691794  0.01858027 0.03530628 0.11041523 0.14009978
 0.12026377 0.16208138 0.13697165 0.20128761 0.19265722 0.15326427
 0.17834842 0.20242211 0.16804318 0.12987761 0.13959585 0.16993046]"
6,ExtraTreesRegressor,"[-5.325949999999998, -5.0516000000000005, -5.303949999999999, -5.6037, -5.308399999999997, -4.987700000000002, -6.275049999999996, -6.213099999999996, -6.101100000000003, -5.8054999999999986, -4.916350000000003, -5.796850000000002, -6.2868, -6.061750000000003, -4.920199999999998, -5.0369, -4.830099999999998, -5.264249999999996, -5.513299999999997, -4.628599999999999, -6.25165, -5.312449999999999, -6.168150000000002, -4.5626999999999995, -4.605899999999999, -5.804750000000002, -5.280299999999999, -5.2875999999999985, -5.6786499999999975, -6.036999999999999, -5.2277999999999984, -5.351199999999998, -5.541649999999996, -5.259549999999999, -5.3883500000000035, -6.2788499999999985, -5.444899999999998, -5.613949999999997, -6.0325, -4.990749999999994, -4.710199999999998, -4.759799999999999, -5.075149999999997, -6.271599999999996, -5.607650000000001, -5.8203000000000005, -5.507399999999999, -5.093599999999999, -6.260349999999999, -4.566699999999996, -4.962849999999999, -4.7474000000000025, -6.380350000000001, -5.604949999999999, -4.8805, -5.414699999999998, -5.0531, -5.828999999999999, -5.642099999999999, -5.892700000000004, -5.680599999999998, -5.056150000000003, -6.139000000000001, -5.728249999999999, -6.344899999999999, -6.058200000000003, -6.070300000000002, -6.299600000000002, -4.6183999999999985, -6.0020999999999995, -5.300399999999997, -5.112099999999999, -5.223849999999995, -5.223449999999997, -4.711699999999997, -6.269000000000002, -5.123249999999998, -5.300449999999996, -5.645249999999995, -5.9210499999999975, -6.071849999999996, -4.569299999999996, -5.317349999999994, -6.305649999999999, -5.963249999999997, -5.6979999999999995, -5.181749999999998, -5.049200000000002, -5.244249999999998, -5.370250000000001, -5.7814999999999985, -4.790899999999997, -6.2935, -6.259699999999999, -6.328099999999999, -4.660999999999998, -5.86075, -5.695050000000002, -5.533799999999998, -5.839150000000001, -5.490699999999999, -6.063849999999999, -4.8753999999999955, -4.569199999999998, -5.708099999999998, -6.254649999999999, -5.56495, -6.161750000000003, -4.543199999999999, -5.0563499999999975, -6.219650000000002, -5.664899999999997, -6.009150000000002, -6.075749999999997, -4.976899999999998, -6.334700000000005, -6.300049999999998, -5.695699999999997, -5.943749999999998, -5.944600000000003, -4.879699999999999, -6.253449999999998, -6.1460000000000035, -4.618399999999999, -6.19855, -5.295350000000001, -5.959950000000004, -6.121449999999999, -6.5585999999999975, -5.286699999999997, -6.11395, -5.9011000000000005, -5.109199999999999, -4.628399999999999, -5.39645, -5.250349999999998, -5.472199999999999, -5.237499999999999, -6.190500000000004, -6.528800000000001]","25   -6.120
23   -5.330
22   -5.490
13   -6.150
12   -5.840
30   -6.220
16   -6.000
15   -5.700
17   -5.000
26   -5.140
7    -5.920
8    -5.120
18   -7.640
5    -4.620
4    -8.000
6    -7.300
2    -8.000
28   -6.440
29   -5.550
35   -5.310
33   -4.620
31   -4.640
32   -5.350
34   -5.530
24   -5.020
21   -5.460
19   -5.860
0    -6.340
9    -6.930
10   -6.660
11   -6.230
14   -6.340
20   -5.900
3    -6.460
1    -5.760
27   -5.805
Name: Permeability, dtype: float64","[array([-5.6216 , -5.84325, -5.4511 , -6.14805, -6.23825, -6.13105,
       -5.0229 , -5.02975, -5.119  , -5.28625, -5.96655, -5.4242 ,
       -6.5687 , -5.0161 , -6.1787 , -6.4589 , -6.3533 , -6.06615,
       -5.44545, -5.0884 , -4.5449 , -4.6613 , -5.01715, -5.32735,
       -5.40445, -5.456  , -5.9556 , -6.22085, -6.4747 , -6.4325 ,
       -6.4743 , -6.48415, -5.8307 , -6.3524 , -6.2159 , -6.04535]), array([-5.6477 , -5.8455 , -5.46775, -6.1708 , -6.20635, -5.9937 ,
       -5.0679 , -5.0841 , -5.056  , -5.28155, -5.74935, -5.37565,
       -6.40125, -4.95605, -6.26385, -6.4383 , -6.2398 , -6.0954 ,
       -5.32795, -4.9123 , -4.5388 , -4.6217 , -5.03495, -5.3367 ,
       -5.39535, -5.4609 , -5.9068 , -6.182  , -6.408  , -6.388  ,
       -6.3797 , -6.4083 , -5.7767 , -6.3029 , -6.2793 , -5.88605]), array([-5.61885, -5.7784 , -5.5452 , -6.0885 , -6.25655, -5.93025,
       -5.0617 , -5.0474 , -5.0976 , -5.3418 , -5.78075, -5.45225,
       -6.56355, -5.00245, -6.2273 , -6.446  , -6.3717 , -6.0571 ,
       -5.4984 , -5.06545, -4.5346 , -4.6569 , -5.03865, -5.29435,
       -5.44495, -5.51055, -5.9902 , -6.2706 , -6.4646 , -6.4013 ,
       -6.4332 , -6.4296 , -5.77795, -6.37985, -6.2512 , -5.97975]), array([-5.63225, -5.86085, -5.55225, -6.19545, -6.35055, -6.0693 ,
       -5.0634 , -5.0655 , -5.1382 , -5.26975, -5.9619 , -5.38365,
       -6.5397 , -5.02895, -6.17855, -6.46485, -6.3843 , -6.00925,
       -5.45025, -5.02225, -4.6105 , -4.6327 , -5.0151 , -5.2863 ,
       -5.39145, -5.5001 , -5.9678 , -6.26505, -6.4588 , -6.4432 ,
       -6.4914 , -6.437  , -5.83065, -6.43815, -6.33045, -5.8684 ]), array([-5.6905 , -5.78835, -5.43455, -6.1449 , -6.2838 , -6.0677 ,
       -5.0221 , -5.0228 , -5.0591 , -5.28645, -5.99375, -5.3783 ,
       -6.5493 , -5.0198 , -6.1272 , -6.2942 , -6.38   , -6.028  ,
       -5.60315, -5.1195 , -4.5655 , -4.6402 , -5.01805, -5.3644 ,
       -5.41615, -5.5263 , -5.8992 , -6.1916 , -6.3353 , -6.2834 ,
       -6.2912 , -6.2881 , -5.9631 , -6.3429 , -6.1823 , -6.0679 ]), array([-5.6755 , -5.84175, -5.44565, -6.29515, -6.34205, -6.22475,
       -5.0235 , -5.0373 , -5.06625, -5.2149 , -5.96725, -5.40095,
       -6.5417 , -5.02095, -6.31475, -6.4412 , -6.37095, -6.095  ,
       -5.56285, -5.143  , -4.5517 , -4.6637 , -4.99105, -5.44215,
       -5.45295, -5.494  , -6.08315, -6.2798 , -6.4482 , -6.3794 ,
       -6.3913 , -6.4167 , -5.883  , -6.4147 , -6.25475, -5.9493 ]), array([-5.6674 , -5.84445, -5.4721 , -6.1093 , -6.23105, -6.1029 ,
       -5.0653 , -5.0685 , -5.09695, -5.2801 , -5.82825, -5.42525,
       -6.546  , -4.9621 , -6.23205, -6.358  , -6.18005, -6.059  ,
       -5.52815, -5.1421 , -4.5433 , -4.6495 , -5.04815, -5.23335,
       -5.3922 , -5.37835, -5.9224 , -6.2802 , -6.4689 , -6.4473 ,
       -6.4471 , -6.4995 , -5.8548 , -6.44235, -6.2841 , -5.92615]), array([-5.5419 , -5.7047 , -5.42465, -6.12385, -6.22465, -6.09045,
       -5.0561 , -5.0398 , -5.13605, -5.2941 , -5.8425 , -5.3515 ,
       -6.5779 , -5.0029 , -6.3378 , -6.432  , -6.5142 , -6.03725,
       -5.42835, -5.0914 , -4.5608 , -4.6549 , -4.9953 , -5.34645,
       -5.4046 , -5.44615, -5.96885, -6.239  , -6.4626 , -6.3368 ,
       -6.4307 , -6.3616 , -5.7716 , -6.4519 , -6.19915, -5.932  ]), array([-5.64515, -5.8062 , -5.4186 , -6.0518 , -6.1673 , -6.03955,
       -5.0223 , -5.0354 , -5.06455, -5.2988 , -5.94515, -5.34135,
       -6.6888 , -4.9997 , -6.25695, -6.5051 , -6.36285, -6.0028 ,
       -5.5045 , -5.2569 , -4.5564 , -4.588  , -5.04755, -5.3342 ,
       -5.46875, -5.472  , -5.9689 , -6.11375, -6.5045 , -6.4301 ,
       -6.4512 , -6.45555, -5.8054 , -6.24635, -6.0815 , -5.723  ]), array([-5.6471 , -5.89475, -5.46925, -6.3485 , -6.35445, -5.97805,
       -5.0573 , -5.09175, -5.148  , -5.2981 , -5.8822 , -5.3403 ,
       -6.6225 , -4.96255, -6.17545, -6.39445, -6.3323 , -6.0129 ,
       -5.5041 , -5.1718 , -4.6155 , -4.6979 , -4.99455, -5.314  ,
       -5.39515, -5.48885, -5.95165, -6.3172 , -6.4876 , -6.4158 ,
       -6.4408 , -6.4746 , -5.7996 , -6.5133 , -6.2153 , -5.8673 ])]","[-5.638795 -5.82082  -5.46811  -6.16763  -6.2655   -6.06277  -5.04625
 -5.05223  -5.09817  -5.28518  -5.891765 -5.38734  -6.55994  -4.997155
 -6.22926  -6.4233   -6.348945 -6.046285 -5.485315 -5.10131  -4.5622
 -4.64668  -5.02005  -5.327925 -5.4166   -5.47332  -5.961455 -6.236005
 -6.45132  -6.39578  -6.42309  -6.42551  -5.82935  -6.38848  -6.229395
 -5.92452 ]","[0.03892623 0.05072283 0.04393158 0.08698078 0.06177423 0.07961915
 0.01950176 0.02252509 0.03377868 0.02976059 0.08283698 0.03610915
 0.06867561 0.02575331 0.06285211 0.05708294 0.08452996 0.03201836
 0.07311039 0.08742764 0.02701174 0.02758923 0.02062657 0.05180339
 0.02697414 0.03973972 0.04929999 0.05707673 0.04550448 0.04929219
 0.05423782 0.05976114 0.05623727 0.07525779 0.06496153 0.09348506]"
7,LinearRegression,"[-5.380336229337145, -4.970894483150024, -5.415435026918127, -5.509815972761032, -5.238129265210516, -5.011688827585826, -6.061709190031224, -6.224194499933811, -5.819274145355653, -5.545673492556473, -5.260917348111661, -5.324972048393796, -5.875449009472395, -5.888856647565165, -4.91362475761085, -4.898698810054544, -4.514569273871491, -5.189449742012253, -5.5366700022851365, -5.150158582129338, -6.3698973662795115, -5.162290981228518, -5.9213895141259965, -4.396728773708532, -4.728591946842385, -5.246860184538395, -5.667536763174861, -4.959864785455824, -5.8852602537374334, -6.270044231525478, -5.378593194931433, -5.453295915397845, -5.854608525390992, -5.1080615099249185, -4.923348009068653, -6.496486420186247, -5.513955714494983, -4.894608828662156, -6.460298410839009, -4.802928473087732, -4.71295634199356, -4.371457314534582, -5.026819238829615, -5.587902913835469, -6.062980217888734, -5.734602506910026, -5.893732511518078, -5.183282328098231, -5.856374910782988, -4.852064566641721, -5.164724875455158, -4.707277699170453, -6.465902557747425, -5.297531807314648, -4.6517845534211215, -5.387169919044017, -5.048842959064047, -6.300861615373791, -5.505205752694089, -5.849832882248401, -5.504493237043838, -5.1209407976732395, -6.567203699148646, -5.681821733938214, -6.23549119481206, -6.226597299654986, -6.264481528475208, -6.602943959777197, -4.76279191352257, -5.763415469222073, -5.910242037272652, -5.330489862545359, -5.378398716897562, -5.2782462401079195, -4.698009068125175, -6.467422805261094, -4.82651583152168, -5.734171400038845, -5.713304690800976, -6.060951430515315, -5.988585689910576, -4.455069856022264, -5.819436607580484, -5.51699214653601, -6.068422473921738, -5.670773928694876, -5.105286300040313, -5.045853064380702, -5.427341876837422, -5.067253518739217, -5.546565321062992, -4.508073403240345, -6.393271780728316, -6.360895772790013, -6.991663901175488, -4.724309253532101, -6.5503505683617345, -5.8949202740629225, -5.298820961646046, -5.733399806547688, -5.75664447045706, -6.024505915850589, -4.904964545349917, -4.340654864687494, -5.370277385454572, -5.833170698478085, -5.3512540464125875, -6.051045820720277, -4.538151569898867, -5.084137764670744, -6.739100194895577, -5.820506495475036, -5.961798464018505, -6.340886570524063, -4.4687994693608, -6.2045949418872075, -6.074075056770217, -5.677349506583535, -5.7259524948482525, -5.892084612887551, -4.381714092923679, -6.778164586308047, -6.071356465458622, -4.521848495003941, -6.06861998303111, -4.980105274984186, -6.207354852464606, -6.559055035781719, -6.8436123951351, -5.26238194199622, -6.458310399415576, -5.60811459701313, -5.0501830684508, -4.584552583618843, -5.242497411745803, -5.118795145095869, -5.847600435510017, -5.3711188615873064, -5.936132162498121, -7.584820053560721]","25   -6.120
23   -5.330
22   -5.490
13   -6.150
12   -5.840
30   -6.220
16   -6.000
15   -5.700
17   -5.000
26   -5.140
7    -5.920
8    -5.120
18   -7.640
5    -4.620
4    -8.000
6    -7.300
2    -8.000
28   -6.440
29   -5.550
35   -5.310
33   -4.620
31   -4.640
32   -5.350
34   -5.530
24   -5.020
21   -5.460
19   -5.860
0    -6.340
9    -6.930
10   -6.660
11   -6.230
14   -6.340
20   -5.900
3    -6.460
1    -5.760
27   -5.805
Name: Permeability, dtype: float64","[array([-5.67253976, -5.8944853 , -5.55435157, -6.00559518, -6.35280158,
       -6.22445058, -4.99135637, -5.0685061 , -5.41930937, -5.30457563,
       -5.90586516, -5.41925492, -7.15163905, -4.91407391, -6.35305064,
       -6.96041762, -6.70070186, -6.09307298, -5.2053105 , -5.79554204,
       -4.34704187, -4.44871447, -4.85146667, -5.76021844, -5.36627153,
       -5.51906515, -5.82014726, -6.03995209, -6.40084975, -6.32514281,
       -6.60594605, -6.48887914, -5.79706135, -6.27248315, -5.61697166,
       -6.01477499]), array([-5.72360598, -5.97140008, -5.52098572, -5.90303112, -6.35547317,
       -6.18529188, -5.04897615, -5.13343896, -5.39934871, -5.21798215,
       -5.82356533, -5.42095481, -7.07127369, -4.92093954, -6.33472062,
       -7.18368401, -6.82487106, -6.07531084, -5.10025826, -5.57413148,
       -4.30341781, -4.41307061, -4.75387562, -5.57942052, -5.35107817,
       -5.48912662, -5.78924511, -6.00813291, -6.22462387, -6.13424682,
       -6.41179304, -6.45966658, -5.69319875, -6.26739188, -5.66715724,
       -5.98037922]), array([-5.70298371, -5.99334902, -5.5228915 , -6.06068618, -6.39611436,
       -6.2058973 , -5.00855572, -5.07274976, -5.54089123, -5.33531214,
       -5.79273888, -5.42309995, -7.19502531, -4.91370314, -6.45301977,
       -7.01622573, -6.79780726, -6.08550043, -5.10837508, -5.8394101 ,
       -4.35513773, -4.49195226, -4.7748367 , -5.79034813, -5.30134214,
       -5.56188954, -5.82846569, -6.05609073, -6.40654084, -6.36940019,
       -6.6344248 , -6.4951361 , -5.83166535, -6.27867788, -5.65979735,
       -5.98649285]), array([-5.65176479, -5.84193776, -5.54397953, -5.95893658, -6.41475239,
       -6.27424754, -5.06009587, -5.18239182, -5.41574908, -5.33508258,
       -5.96108159, -5.2936149 , -7.13725648, -5.10244078, -6.50180418,
       -6.9014065 , -6.86658963, -5.92158885, -5.3128861 , -5.96871778,
       -4.45023237, -4.47296286, -4.84837816, -5.73391779, -5.32049587,
       -5.61026546, -5.89206628, -6.05223371, -6.44678274, -6.38509708,
       -6.52888274, -6.5551278 , -5.84027949, -6.38632524, -5.64211676,
       -5.90954378]), array([-5.72551722, -5.87666509, -5.47594641, -6.17549506, -6.30932161,
       -6.24529172, -4.94145681, -4.96813965, -5.33899963, -5.32366671,
       -5.8259958 , -5.5775625 , -7.11519879, -4.84991031, -6.24575447,
       -6.96905655, -6.67958833, -6.08078329, -5.46709133, -5.72386999,
       -4.38390377, -4.48466569, -4.8460778 , -5.88820116, -5.24453115,
       -5.48824022, -5.80244865, -6.11877054, -6.39855579, -6.24964989,
       -6.47616018, -6.35528846, -6.00828103, -6.34119668, -5.72366059,
       -5.99818705]), array([-5.72164679, -5.92748945, -5.38954701, -5.98131557, -6.28162247,
       -6.12600574, -4.97680104, -5.06383302, -5.60963651, -5.3928779 ,
       -5.8823186 , -5.28263053, -7.01304955, -4.90261273, -6.27583788,
       -7.11081858, -6.89991673, -6.10317024, -5.19981858, -6.1067437 ,
       -4.24983314, -4.54095753, -4.76730685, -6.00304959, -5.34721125,
       -5.59405217, -5.86967659, -5.90997417, -6.44174675, -6.37294116,
       -6.5652168 , -6.54398445, -6.05712952, -6.16696382, -5.57670984,
       -6.16946844]), array([-5.7611571 , -5.97480206, -5.43207727, -6.01599368, -6.35693368,
       -6.05637099, -5.01727148, -5.09885859, -5.53929866, -5.33633458,
       -5.92296155, -5.32136556, -7.05508173, -4.96237407, -6.3988759 ,
       -7.11268254, -6.79820642, -6.06562082, -5.23657472, -5.78319699,
       -4.33104846, -4.45280737, -4.83523278, -5.77709576, -5.38430358,
       -5.5323901 , -5.85978902, -5.96820203, -6.3719801 , -6.33700452,
       -6.50163457, -6.62767673, -5.8980705 , -6.34323241, -5.69521393,
       -6.06280215]), array([-5.62808699, -5.82279587, -5.63529148, -5.9244875 , -6.23109862,
       -6.10579141, -4.95794304, -5.07423578, -5.48352559, -5.33655193,
       -5.82514593, -5.39926569, -7.14157371, -4.96002799, -6.7151494 ,
       -6.84021637, -6.78720716, -6.03236777, -5.22941627, -5.98169661,
       -4.34633771, -4.42835328, -4.81576986, -5.7900614 , -5.33761476,
       -5.46708087, -5.76866055, -6.05538684, -6.42489292, -6.39135802,
       -6.65378121, -6.49253748, -5.83459865, -6.38503466, -5.71120146,
       -5.93845843]), array([-5.70258218, -5.8417355 , -5.50848951, -5.94325366, -6.35168297,
       -6.09392658, -5.01935881, -5.08421212, -5.48247389, -5.30306812,
       -5.85703501, -5.43666489, -7.03741063, -4.95166476, -6.47606111,
       -7.02603506, -6.854537  , -6.06796912, -5.24967984, -5.92965824,
       -4.2992407 , -4.46733473, -4.79552391, -5.7039934 , -5.21132345,
       -5.58479561, -5.8852879 , -5.94373593, -6.4151873 , -6.34569953,
       -6.6292164 , -6.52326013, -5.79578176, -6.26473864, -5.6329014 ,
       -6.01657833]), array([-5.63924731, -5.98388529, -5.5993787 , -5.9987865 , -6.41729397,
       -6.26475825, -5.03498707, -5.10538948, -5.44067468, -5.29748155,
       -5.77180101, -5.46203752, -7.27243123, -4.91550858, -6.32378284,
       -7.1157964 , -6.76610436, -5.99379907, -5.1244296 , -5.80154815,
       -4.37037289, -4.52619252, -4.79771202, -5.83581193, -5.28262839,
       -5.51113851, -5.85470326, -6.04727144, -6.3309446 , -6.27865821,
       -6.56175247, -6.53983236, -5.95687197, -6.37107701, -5.58960358,
       -5.93400321])]","[-5.69291318 -5.91285454 -5.51829387 -5.9967581  -6.34670948 -6.1782032
 -5.00568024 -5.08517553 -5.46699074 -5.31829333 -5.85685089 -5.40364513
 -7.11899402 -4.93932558 -6.40780568 -7.02363394 -6.79755298 -6.05191834
 -5.22338403 -5.85045151 -4.34365664 -4.47270113 -4.80861804 -5.78621181
 -5.31468003 -5.53580443 -5.83704903 -6.01997504 -6.38621046 -6.31891982
 -6.55688083 -6.50813892 -5.87129384 -6.30771214 -5.65153338 -6.00106884]","[0.04107743 0.06232877 0.06939018 0.07417909 0.0559429  0.07354378
 0.03669726 0.05204034 0.07622308 0.04211598 0.05717928 0.08319212
 0.07449113 0.06265862 0.1300593  0.1025953  0.06605316 0.05293378
 0.1036179  0.1433872  0.05137723 0.03815304 0.03422648 0.10626781
 0.05221179 0.04699168 0.03970636 0.05936073 0.06263893 0.07529918
 0.07384994 0.06746223 0.10399531 0.06627474 0.04695445 0.07073991]"
8,KNeighborsRegressor,"[-5.191999999999999, -5.048, -5.109999999999999, -5.485999999999999, -5.037999999999999, -5.19, -6.375000000000001, -6.0489999999999995, -5.888, -5.343999999999999, -4.99, -5.537999999999999, -6.354000000000001, -5.7299999999999995, -4.86, -5.172, -4.792, -5.18, -5.555000000000001, -4.532, -6.151999999999999, -5.225999999999999, -6.069, -4.537999999999999, -4.646000000000001, -6.016, -5.318, -5.354000000000001, -5.558, -6.051, -5.1579999999999995, -5.546000000000001, -5.475, -5.0680000000000005, -5.083, -6.366, -5.614999999999999, -5.619000000000001, -6.199000000000001, -4.93, -4.742, -4.6339999999999995, -4.928, -5.818, -5.472, -6.299999999999999, -5.306, -4.95, -6.316, -4.7459999999999996, -5.1240000000000006, -4.75, -6.448, -5.89, -4.516, -5.602, -5.043, -6.122, -5.593, -5.386, -5.726999999999999, -4.9719999999999995, -6.146, -5.758, -6.128, -5.808, -5.822, -6.331999999999999, -4.684, -5.952, -5.072, -5.214, -5.180000000000001, -5.212000000000001, -4.836, -6.035, -5.0040000000000004, -5.2379999999999995, -5.727, -5.9799999999999995, -6.032, -4.482, -5.304, -5.2379999999999995, -5.89, -5.805999999999999, -5.15, -4.895999999999999, -5.228, -5.507, -5.819, -5.0600000000000005, -6.396, -6.303000000000001, -6.074, -4.781999999999999, -5.784000000000001, -5.402, -5.562, -5.672, -5.545999999999999, -6.337999999999999, -4.787999999999999, -4.5, -5.638, -6.156, -5.468, -6.194, -4.499999999999999, -5.215, -6.103, -5.322, -6.171, -6.152, -4.934, -5.422, -6.167999999999999, -5.589, -5.76, -6.024000000000001, -5.178, -6.06, -6.448, -4.768, -6.428, -4.984, -6.363000000000001, -6.504, -6.5120000000000005, -5.353, -6.037999999999999, -5.962000000000001, -5.066, -4.497999999999999, -5.682, -5.141, -5.404000000000001, -5.11, -6.306, -6.17]","25   -6.120
23   -5.330
22   -5.490
13   -6.150
12   -5.840
30   -6.220
16   -6.000
15   -5.700
17   -5.000
26   -5.140
7    -5.920
8    -5.120
18   -7.640
5    -4.620
4    -8.000
6    -7.300
2    -8.000
28   -6.440
29   -5.550
35   -5.310
33   -4.620
31   -4.640
32   -5.350
34   -5.530
24   -5.020
21   -5.460
19   -5.860
0    -6.340
9    -6.930
10   -6.660
11   -6.230
14   -6.340
20   -5.900
3    -6.460
1    -5.760
27   -5.805
Name: Permeability, dtype: float64","[array([-5.907, -5.546, -5.27 , -6.344, -6.28 , -6.062, -4.962, -4.962,
       -5.28 , -5.352, -5.974, -5.501, -6.252, -4.978, -6.444, -6.364,
       -6.062, -5.968, -5.602, -5.068, -4.542, -4.742, -4.966, -5.38 ,
       -5.326, -5.555, -6.186, -5.984, -6.362, -6.362, -6.34 , -6.31 ,
       -5.773, -6.188, -6.304, -5.68 ]), array([-5.843, -5.546, -5.374, -6.1  , -6.28 , -6.062, -4.878, -4.878,
       -5.36 , -5.32 , -5.974, -5.501, -6.192, -4.928, -6.122, -6.382,
       -6.062, -5.952, -5.621, -5.068, -4.484, -4.588, -4.982, -5.452,
       -5.326, -5.673, -6.118, -5.984, -6.29 , -6.362, -6.34 , -6.31 ,
       -5.711, -6.188, -6.2  , -5.638]), array([-5.907, -5.563, -5.4  , -6.344, -6.28 , -5.993, -5.038, -5.038,
       -5.36 , -5.31 , -5.974, -5.501, -6.252, -4.928, -6.19 , -6.382,
       -6.062, -5.952, -5.685, -5.068, -4.542, -4.742, -4.964, -5.442,
       -5.558, -5.555, -5.828, -5.984, -6.29 , -6.362, -6.34 , -6.31 ,
       -5.773, -6.188, -6.2  , -5.68 ]), array([-5.907, -5.939, -5.27 , -6.344, -6.28 , -6.159, -5.038, -5.038,
       -5.36 , -5.352, -6.322, -5.501, -6.252, -5.014, -6.444, -6.308,
       -6.062, -5.952, -5.721, -5.068, -4.504, -4.79 , -4.982, -5.38 ,
       -5.326, -5.555, -6.118, -6.198, -6.29 , -6.362, -6.362, -6.31 ,
       -5.773, -6.188, -6.2  , -5.68 ]), array([-5.907, -5.546, -5.31 , -6.344, -6.28 , -6.062, -5.038, -5.038,
       -5.36 , -5.352, -5.974, -5.405, -6.252, -5.014, -6.294, -6.278,
       -6.062, -5.952, -5.602, -5.068, -4.542, -4.742, -4.83 , -5.38 ,
       -5.326, -5.907, -6.118, -6.148, -6.276, -6.202, -6.202, -6.184,
       -5.773, -6.268, -6.2  , -5.744]), array([-5.907, -5.635, -5.27 , -6.246, -6.428, -6.055, -5.038, -5.038,
       -4.95 , -5.198, -5.974, -5.397, -6.416, -4.928, -6.444, -6.382,
       -6.092, -5.932, -5.602, -4.954, -4.482, -4.768, -4.93 , -5.316,
       -5.524, -5.555, -6.118, -5.984, -6.29 , -6.362, -6.34 , -6.31 ,
       -5.773, -6.432, -6.2  , -5.68 ]), array([-5.907, -5.546, -5.294, -6.344, -6.24 , -6.062, -5.042, -5.042,
       -5.274, -5.352, -5.974, -5.501, -6.252, -5.108, -6.444, -6.382,
       -6.062, -5.952, -5.602, -5.098, -4.542, -4.742, -4.982, -5.38 ,
       -5.326, -5.555, -6.118, -5.984, -6.29 , -6.362, -6.34 , -6.34 ,
       -5.757, -6.188, -6.2  , -5.68 ]), array([-5.338, -5.648, -5.27 , -6.344, -6.28 , -6.062, -5.038, -5.038,
       -5.36 , -5.352, -6.162, -5.324, -6.252, -4.928, -6.444, -6.398,
       -6.096, -5.952, -5.422, -5.068, -4.5  , -4.742, -4.982, -5.38 ,
       -5.326, -5.358, -6.094, -5.984, -6.268, -6.228, -6.244, -6.186,
       -5.51 , -6.188, -6.212, -5.506]), array([-5.907, -5.546, -5.27 , -6.216, -6.264, -5.765, -4.952, -4.952,
       -5.36 , -5.352, -6.026, -5.501, -6.308, -4.928, -6.428, -6.382,
       -6.062, -5.952, -5.602, -5.068, -4.542, -4.742, -4.982, -5.38 ,
       -5.326, -5.555, -5.988, -6.392, -6.308, -6.234, -6.234, -6.216,
       -5.773, -6.368, -6.106, -5.68 ]), array([-5.907, -5.546, -5.27 , -6.308, -6.564, -6.062, -5.038, -5.038,
       -5.36 , -5.352, -5.86 , -5.479, -6.484, -4.928, -6.444, -6.382,
       -5.898, -5.84 , -5.602, -5.126, -4.498, -4.784, -4.938, -5.352,
       -5.326, -5.555, -6.118, -6.15 , -6.38 , -6.306, -6.306, -6.31 ,
       -5.773, -6.188, -6.124, -5.68 ])]","[-5.8437 -5.6061 -5.2998 -6.2934 -6.3176 -6.0344 -5.0062 -5.0062 -5.3024
 -5.3292 -6.0214 -5.4611 -6.2912 -4.9682 -6.3698 -6.364  -6.052  -5.9404
 -5.6061 -5.0654 -4.5178 -4.7382 -4.9538 -5.3842 -5.369  -5.5823 -6.0804
 -6.0792 -6.3044 -6.3142 -6.3048 -6.2786 -5.7389 -6.2384 -6.1946 -5.6648]","[0.16964318 0.1170226  0.04583841 0.07824091 0.09501495 0.09737063
 0.0535496  0.0535496  0.12195015 0.04615799 0.12234394 0.05993738
 0.08490559 0.05790648 0.11657598 0.03692154 0.05286965 0.03443022
 0.07324131 0.04146372 0.0250032  0.0532124  0.04513491 0.03705617
 0.08633539 0.13007079 0.09594915 0.13269574 0.03494911 0.06342523
 0.05361492 0.05579283 0.07851172 0.08540164 0.05027962 0.05815978]"
9,SVR,"[-5.467358401922104, -4.941803079021626, -5.446234351331796, -5.51802087362422, -5.193527030826873, -5.052886573514922, -5.903177447714279, -6.073604175080242, -6.0086053579907475, -5.565103392316159, -5.110863106010306, -5.285498250892566, -6.2470874536526395, -5.911554940956989, -4.7759443359898395, -5.10419444952174, -4.897670357762988, -5.084952379286482, -5.617384991760652, -4.578112954608104, -6.110120208082989, -5.3216969913668155, -6.130362192797798, -4.5224953545971, -4.591622397337458, -5.9886701503246655, -5.174457212797162, -5.149884091495452, -5.924485728914069, -6.196784138466358, -5.243794333952625, -5.397815633525889, -5.707078187176732, -5.028247879552911, -5.252382158434114, -6.309678607319913, -5.411216349091245, -5.631996364490526, -6.145188731691616, -4.77395267073259, -4.805605584353625, -4.748458668386544, -4.830990200502049, -5.725270131228427, -5.758354968245466, -6.092008703403104, -5.646555581191936, -4.730630609591922, -6.091563319563008, -4.539814204606126, -5.043370149961454, -4.674055830695405, -6.2200144356714535, -5.539020711061596, -4.954409401007667, -5.566361876661432, -4.984278526692304, -5.973421931554707, -5.322906139456048, -5.702959302416688, -5.862765026878042, -4.903181835784524, -6.077395747757414, -5.707529007127404, -5.918291172700087, -6.008190599804153, -5.8650375039362785, -6.179185952699932, -4.778498953390484, -5.7305066563819445, -5.447577395464126, -5.290190509348157, -5.358682248320368, -5.305781826230199, -4.910859186314761, -6.124971630985787, -5.149717621850065, -5.459524950000304, -5.851375161128091, -5.985848398222232, -6.30698473966328, -4.507572998105306, -5.596688850470472, -5.723711111125338, -5.828451940378458, -5.563157784559252, -5.078208246862654, -4.875974369383362, -5.193752506852624, -5.328434536316995, -5.793068646298532, -4.827410214719639, -6.192170950748513, -6.338244710335843, -6.473840299701818, -4.6772638339363946, -5.890560782299284, -5.94420050173889, -5.607296372613634, -5.7477044360985765, -5.505177722445117, -5.848044961392214, -4.783407112235887, -4.55391182580232, -5.652186290443703, -6.285875349089363, -5.529272785553674, -6.169635357826395, -4.510038628582365, -5.162739471209068, -6.082792490971894, -5.601088730784993, -5.897258507469241, -6.2169544851652265, -4.792951866429315, -5.931084121150051, -5.937125321894945, -5.771784231719898, -5.859772769144881, -5.979380051021082, -4.940028735608917, -6.444407957748501, -6.29211247088589, -4.89808412083472, -6.23732406530355, -5.3832420077925125, -6.298339310456806, -6.486393706612392, -6.528600578945621, -5.456691571930992, -6.148568774691983, -5.948796862578184, -5.072849854469933, -4.559091509732264, -5.413944812584388, -5.180097282358057, -5.658166046733054, -5.284917194172255, -6.08335804640845, -5.899180584841398]","25   -6.120
23   -5.330
22   -5.490
13   -6.150
12   -5.840
30   -6.220
16   -6.000
15   -5.700
17   -5.000
26   -5.140
7    -5.920
8    -5.120
18   -7.640
5    -4.620
4    -8.000
6    -7.300
2    -8.000
28   -6.440
29   -5.550
35   -5.310
33   -4.620
31   -4.640
32   -5.350
34   -5.530
24   -5.020
21   -5.460
19   -5.860
0    -6.340
9    -6.930
10   -6.660
11   -6.230
14   -6.340
20   -5.900
3    -6.460
1    -5.760
27   -5.805
Name: Permeability, dtype: float64","[array([-5.64688772, -6.04254227, -5.53524704, -6.09063403, -6.52452368,
       -6.12146367, -4.87686678, -4.87724003, -5.2638316 , -5.35832935,
       -6.0297894 , -5.42902388, -6.53268976, -4.82532619, -6.18707978,
       -6.44863909, -5.92833359, -6.06051891, -5.36845471, -5.30891472,
       -4.55262739, -4.65983956, -5.05011955, -5.62141727, -5.42148387,
       -5.49951302, -6.14038392, -6.15189708, -6.37863966, -6.33187946,
       -6.27989833, -6.46896741, -6.13374389, -6.48135609, -6.12987481,
       -5.97756773]), array([-5.59389297, -6.07522371, -5.49865709, -5.95966179, -6.49899186,
       -6.08705981, -4.84119695, -4.84413051, -5.16819335, -5.28641594,
       -5.99565123, -5.40495814, -6.3824558 , -4.87280941, -6.13062635,
       -6.50278571, -5.95135623, -6.03570678, -5.31996247, -5.16857581,
       -4.4927755 , -4.67765888, -4.95007384, -5.52808869, -5.43705005,
       -5.44474566, -6.102448  , -6.04226132, -6.36189382, -6.27738449,
       -6.21735754, -6.47125629, -6.07295384, -6.44364124, -6.08659932,
       -5.95142911]), array([-5.65853037, -6.0370762 , -5.49665903, -6.05393708, -6.49688168,
       -6.13223773, -4.91357842, -4.92187256, -5.25286485, -5.33161634,
       -5.99037839, -5.43786499, -6.47791372, -4.90499225, -6.16798241,
       -6.40809367, -5.9621827 , -6.02838455, -5.46183067, -5.2682469 ,
       -4.57400086, -4.73126585, -4.96319733, -5.55822237, -5.44709767,
       -5.52423899, -6.0877721 , -6.1294896 , -6.3893986 , -6.34071554,
       -6.28166996, -6.43343201, -6.09075435, -6.50132094, -6.0901368 ,
       -5.96463285]), array([-5.71286994, -6.2766837 , -5.50733736, -6.05981282, -6.54898982,
       -6.28680525, -4.91020456, -4.9182876 , -5.26524788, -5.34161122,
       -6.23533635, -5.25785484, -6.50458457, -4.89832001, -6.20184592,
       -6.36243197, -5.94104212, -5.9596822 , -5.43634665, -5.19865444,
       -4.57051001, -4.70460269, -5.01658399, -5.53369368, -5.49129906,
       -5.5159066 , -6.11972647, -6.12206744, -6.39671115, -6.36448455,
       -6.32033846, -6.42970821, -6.07245253, -6.41091919, -6.04110152,
       -6.02868578]), array([-5.61648536, -5.97221983, -5.40953657, -6.1441148 , -6.49846376,
       -6.11007813, -4.91485742, -4.90418709, -5.29090759, -5.32143184,
       -5.90735049, -5.44927146, -6.48703711, -4.81444718, -6.24207722,
       -6.26209753, -5.98647563, -6.09678612, -5.33627842, -5.30701699,
       -4.59996829, -4.75529298, -4.89175419, -5.59885591, -5.38822306,
       -5.44150648, -6.13662878, -6.16851699, -6.15184762, -6.14440007,
       -6.11193629, -6.27349789, -6.0680962 , -6.47525095, -6.08343528,
       -5.94764895]), array([-5.63229957, -6.12641258, -5.36788214, -6.24196789, -6.59713687,
       -6.25502786, -4.91661347, -4.93136858, -5.25395458, -5.25363212,
       -5.99878827, -5.25059233, -6.62378887, -4.88913354, -6.24573892,
       -6.44704904, -6.14347556, -6.10129403, -5.38774426, -5.33260019,
       -4.53520674, -4.68709575, -5.01342679, -5.53630843, -5.48267915,
       -5.48948334, -6.197289  , -6.23797933, -6.39643642, -6.35599301,
       -6.31189442, -6.45959619, -6.07458936, -6.4777312 , -6.10336055,
       -6.01462609]), array([-5.6208305 , -5.9081238 , -5.40750134, -6.1159849 , -6.47154926,
       -6.0507471 , -4.92142924, -4.92065881, -5.21678029, -5.28281826,
       -5.9594259 , -5.35711138, -6.53700743, -4.88968198, -6.23336183,
       -6.47812663, -5.96202523, -6.04871567, -5.34955264, -5.25990646,
       -4.54756946, -4.70822103, -4.97987455, -5.50707377, -5.39743299,
       -5.44488071, -6.15226336, -6.13231546, -6.40382368, -6.33311632,
       -6.24164806, -6.56057838, -6.14231404, -6.53439973, -6.09357854,
       -5.97424851]), array([-5.53385768, -5.98195601, -5.40902974, -6.08277574, -6.54763675,
       -6.10068906, -4.91294731, -4.91043827, -5.26067396, -5.28144902,
       -5.94334726, -5.37028438, -6.57806842, -4.8807909 , -6.27661439,
       -6.38091417, -6.09344012, -5.97727313, -5.30000169, -5.30505338,
       -4.59104758, -4.72715639, -4.95605845, -5.5296751 , -5.42039043,
       -5.38372839, -6.1391401 , -6.12984133, -6.36499456, -6.28820466,
       -6.23525274, -6.37097854, -6.04631193, -6.5794975 , -6.05286816,
       -5.9689411 ]), array([-5.61072953, -5.88526284, -5.39117876, -6.03191946, -6.4407757 ,
       -5.91957712, -4.91193717, -4.90993197, -5.25878524, -5.25905277,
       -5.90882364, -5.39886114, -6.40516817, -4.89949934, -6.23086484,
       -6.40952743, -6.02246888, -6.06144856, -5.33051023, -5.27747667,
       -4.53985271, -4.74656223, -4.99460968, -5.48270057, -5.4012507 ,
       -5.44253659, -6.21861982, -6.19063022, -6.43084051, -6.39886323,
       -6.3523498 , -6.48996926, -6.0423488 , -6.3851792 , -6.16886587,
       -6.00843386]), array([-5.56601333, -6.0532168 , -5.42120947, -6.29780221, -6.65331142,
       -6.18309746, -4.92571528, -4.9250443 , -5.27999924, -5.31635866,
       -5.89887598, -5.42027057, -6.68571817, -4.85321923, -6.29775961,
       -6.35417148, -5.87298072, -6.05949462, -5.35722897, -5.32881021,
       -4.54913217, -4.69521844, -5.00392017, -5.58478861, -5.39179277,
       -5.44426173, -6.18472494, -6.14377412, -6.36804676, -6.34323977,
       -6.27969425, -6.48357993, -6.051991  , -6.49237263, -6.07980845,
       -5.94231891])]","[-5.6192397  -6.03587177 -5.44442385 -6.10786107 -6.52782608 -6.12467832
 -4.90453466 -4.90631597 -5.25112386 -5.30327155 -5.98677669 -5.37760931
 -6.5214432  -4.872822   -6.22139513 -6.40538367 -5.98637808 -6.04293046
 -5.36479107 -5.27552558 -4.55526907 -4.70929138 -4.98196185 -5.54808244
 -5.42786998 -5.46308015 -6.14789965 -6.14487729 -6.36426328 -6.31782811
 -6.26320398 -6.44415641 -6.0795556  -6.47816687 -6.09296293 -5.97785329]","[0.04700371 0.10679161 0.05562593 0.09450674 0.05898965 0.09823062
 0.0245014  0.02513259 0.03315932 0.03376956 0.0930666  0.06736284
 0.08788415 0.03009705 0.04773421 0.06633812 0.07624496 0.04332641
 0.04854067 0.05169465 0.02917331 0.02909849 0.0420215  0.04055471
 0.03476555 0.04094043 0.03943469 0.04800171 0.07352882 0.06662683
 0.06379925 0.07321105 0.03240327 0.05343013 0.03441181 0.02830524]"
10,MLPRegressor,"[-5.715372444551455, -5.569241669257389, -5.519021435297991, -5.519702636581301, -5.590382118867514, -5.95815986347428, -6.060865967077339, -6.135303739600579, -6.098681094882653, -5.924031976489913, -5.887262401543744, -5.760177208446574, -6.382468943116529, -5.9254496634205704, -5.4230223305582665, -5.635014748371225, -5.6626081072223045, -5.95309095518004, -6.0716467251671355, -5.372866932754785, -6.343775380376415, -5.440719109319952, -6.0946468380034275, -5.348342077034672, -5.63322786226257, -6.344029774915557, -5.731556108653655, -5.849103456788341, -6.006807168167804, -5.852121447460135, -5.657986927099921, -5.975599966545015, -5.672373539753662, -6.0461327707784065, -5.948325012269644, -6.557780635953423, -6.086463018785493, -6.183207711205087, -6.341129355687283, -5.759167955929678, -5.493487103013587, -5.579582891052607, -6.027879948234227, -6.14948558469122, -6.346902444305042, -6.173225147299229, -6.032385010288263, -5.819964868937011, -6.9624791631403955, -5.4932153001101724, -6.040380819528393, -5.765264113315791, -6.6657447998555615, -6.244948421925863, -5.1520979267774285, -6.244690723398879, -6.061134060076022, -6.166729275684631, -6.017110674558552, -5.738392054736006, -6.035766441255436, -5.718862593480061, -6.5976115372050215, -5.974895006559544, -6.2376252599877, -6.078738511513287, -5.966646478999407, -6.647661577227271, -5.0757677338842395, -6.376360437434651, -5.823657612259895, -5.6978501134118575, -5.868248281267938, -5.915114908800658, -5.885554153089432, -6.269711592740726, -5.792969020732923, -5.7737245773272985, -6.245759388381944, -6.057480595703748, -6.217461462061794, -5.30778187890316, -5.035940599882014, -5.373828032426511, -6.303994633308348, -5.623916447801583, -5.773788149759744, -5.819703483754797, -5.793965186278482, -5.802691671496177, -6.146832393256913, -5.4448038472637705, -7.101891618911426, -6.730538518803882, -6.312387132533126, -5.6349965531231705, -5.7951056857959715, -5.807720639064468, -6.049594371887114, -5.978401712153133, -6.2544602327297385, -7.123282875127693, -5.428395982321887, -5.401160312410861, -6.1931927668151765, -6.53852667103707, -6.253994359984461, -6.503669398609664, -5.487251455144884, -5.932265811896799, -6.7629959723659265, -6.235342622062303, -5.90181343949148, -6.326745537753284, -5.581910711923936, -5.3502247317789715, -6.980515944274064, -6.499575042909547, -6.172640199704336, -6.527650506112616, -5.702714002152598, -6.616579588212744, -6.271870315326422, -5.5570323135460225, -6.3540795005248984, -6.296257871137588, -6.634246831609962, -6.231582406838038, -6.5358806246145615, -5.853494523073474, -6.608125825131732, -6.040877859059331, -5.7203501538292265, -5.303112374343694, -6.432936030890266, -5.747253664217092, -5.658039804025565, -5.72529537468938, -6.836658251811257, -6.264212645155899]","25   -6.120
23   -5.330
22   -5.490
13   -6.150
12   -5.840
30   -6.220
16   -6.000
15   -5.700
17   -5.000
26   -5.140
7    -5.920
8    -5.120
18   -7.640
5    -4.620
4    -8.000
6    -7.300
2    -8.000
28   -6.440
29   -5.550
35   -5.310
33   -4.620
31   -4.640
32   -5.350
34   -5.530
24   -5.020
21   -5.460
19   -5.860
0    -6.340
9    -6.930
10   -6.660
11   -6.230
14   -6.340
20   -5.900
3    -6.460
1    -5.760
27   -5.805
Name: Permeability, dtype: float64","[array([-6.1700984 , -6.18591984, -5.8801241 , -6.21986125, -6.32991355,
       -5.90945264, -5.61235885, -5.61792583, -5.696462  , -5.87413352,
       -6.44825709, -5.66852087, -6.23082563, -5.81541067, -6.83687188,
       -6.70861801, -6.58592825, -6.09808224, -5.99759564, -5.83430952,
       -5.3562645 , -5.56732802, -6.01685428, -5.72708156, -6.04322325,
       -6.10433619, -6.48994247, -6.51898607, -6.98208804, -6.79850162,
       -6.61728184, -6.89147865, -6.51771449, -6.55444636, -6.59402762,
       -6.26031562]), array([-6.15844418, -6.17359604, -5.86888449, -6.20672499, -6.31686914,
       -5.89655526, -5.60186207, -5.60742933, -5.68568024, -5.86298696,
       -6.43577306, -5.65723426, -6.21764966, -5.8048109 , -6.81906468,
       -6.70301173, -6.57278132, -6.09344539, -5.98541545, -5.82279691,
       -5.34636974, -5.55737105, -6.00574133, -5.71532186, -6.03821383,
       -6.09197228, -6.47695055, -6.50623705, -6.96819142, -6.7849953 ,
       -6.60423141, -6.88565827, -6.50587573, -6.54131265, -6.58143554,
       -6.24766876]), array([-6.21006849, -6.22402308, -5.9188523 , -6.26010928, -6.37035207,
       -5.94825168, -5.64861039, -5.65420194, -5.73380707, -5.91241682,
       -6.48865355, -5.70753657, -6.27149552, -5.85243028, -6.87339015,
       -6.75643546, -6.62716701, -6.14495615, -6.03519162, -5.86954912,
       -5.39016298, -5.6017666 , -6.05474844, -5.763327  , -6.08497126,
       -6.14328689, -6.53038218, -6.56256652, -7.02532238, -6.84300378,
       -6.66208497, -6.93934947, -6.55822686, -6.59475462, -6.63731754,
       -6.29981703]), array([-6.26659933, -6.2795998 , -5.97164504, -6.31902845, -6.42936534,
       -6.00493996, -5.69788944, -5.70351586, -5.78492706, -5.96455977,
       -6.54481649, -5.76078433, -6.33131516, -5.9025539 , -6.93843443,
       -6.8104502 , -6.68731239, -6.19474723, -6.09873551, -5.92629716,
       -5.44176933, -5.66344019, -6.14272993, -5.81615021, -6.15432206,
       -6.20685878, -6.58957386, -6.62251262, -7.08858852, -6.90464608,
       -6.72355617, -6.99600163, -6.61383722, -6.65388735, -6.69619367,
       -6.38652748]), array([-6.15036353, -6.16520895, -5.86120189, -6.19802991, -6.30791719,
       -5.88840287, -5.59470529, -5.60025916, -5.67611466, -5.85541655,
       -6.42741741, -5.64736653, -6.20621905, -5.79743159, -6.80602201,
       -6.68316267, -6.56105467, -6.07545372, -5.97702216, -5.8127709 ,
       -5.33954606, -5.55028095, -5.99704303, -5.70736961, -6.02295325,
       -6.08350355, -6.46551718, -6.49773622, -6.95597214, -6.77346098,
       -6.59280149, -6.86594095, -6.49560294, -6.53027962, -6.57288081,
       -6.23703429]), array([-6.17915782, -6.19508754, -5.88916078, -6.22948523, -6.33966637,
       -5.91883286, -5.6208306 , -5.62640903, -5.70551291, -5.88311553,
       -6.45725347, -5.6777926 , -6.24100784, -5.8239464 , -6.84031387,
       -6.71817465, -6.59606356, -6.10716438, -6.00639431, -5.84288945,
       -5.36377979, -5.5750149 , -6.02573794, -5.7358279 , -6.05136101,
       -6.11321985, -6.5000836 , -6.52927819, -6.99302169, -6.80930814,
       -6.62812929, -6.90222066, -6.52759994, -6.56439387, -6.60412735,
       -6.26993436]), array([-6.18266925, -6.19644393, -5.89217564, -6.23107121, -6.34113779,
       -5.92024762, -5.62371873, -5.6292858 , -5.70785949, -5.88610139,
       -6.46031839, -5.68056024, -6.24178187, -5.82704591, -6.84701911,
       -6.71552727, -6.59732304, -6.10618223, -6.00853018, -5.8444289 ,
       -5.36695983, -5.57820051, -6.02856251, -5.73740596, -6.05327379,
       -6.1158606 , -6.50123582, -6.53247858, -6.99431233, -6.81188172,
       -6.63108383, -6.90327632, -6.53008567, -6.56558206, -6.60764637,
       -6.27145961]), array([-6.21162999, -6.22712048, -5.92089478, -6.26357672, -6.37361337,
       -5.95145285, -5.65046272, -5.65605282, -5.7343555 , -5.91439543,
       -6.49033829, -5.70812015, -6.27324973, -5.85428352, -6.87421131,
       -6.75027263, -6.62881164, -6.13833752, -6.03764337, -5.87053802,
       -5.39153307, -5.60304724, -6.0550637 , -5.76621042, -6.08194204,
       -6.14498797, -6.53197848, -6.56493135, -7.02697404, -6.84363859,
       -6.66278972, -6.93548272, -6.55887691, -6.59657336, -6.63950154,
       -6.30066538]), array([-6.17549821, -6.18941075, -5.88530611, -6.22361509, -6.33340392,
       -5.9121162 , -5.61742737, -5.62297128, -5.70099499, -5.87942932,
       -6.45283775, -5.67344353, -6.23368596, -5.82068723, -6.83855445,
       -6.71637398, -6.58915419, -6.10724579, -6.00132699, -5.83737362,
       -5.36093077, -5.57219505, -6.02160881, -5.73057365, -6.05044965,
       -6.10864838, -6.49338246, -6.52481406, -6.98583302, -6.80361565,
       -6.62279305, -6.89932442, -6.52257318, -6.55741692, -6.6001389 ,
       -6.26348881]), array([-6.18383395, -6.19877923, -5.89344929, -6.23355591, -6.34364581,
       -5.92251091, -5.62480021, -5.63037529, -5.70738413, -5.88727249,
       -6.46164725, -5.67992954, -6.24248073, -5.82811656, -6.8454904 ,
       -6.71694624, -6.597604  , -6.10671007, -6.01039502, -5.84448064,
       -5.367895  , -5.57907405, -6.02874217, -5.73939087, -6.05518655,
       -6.11729952, -6.50152323, -6.53390797, -6.99454675, -6.81124151,
       -6.63045913, -6.90364376, -6.52955431, -6.5660458 , -6.60885634,
       -6.27215535])]","[-6.18883631 -6.20351896 -5.89816944 -6.2385058  -6.34858845 -5.92727629
 -5.62926657 -5.63484263 -5.71330981 -5.89198278 -6.46673127 -5.68612886
 -6.24897112 -5.8326717  -6.85193723 -6.72789728 -6.60432001 -6.11723247
 -6.01582502 -5.85054342 -5.37252111 -5.58477186 -6.03768321 -5.74386591
 -6.06358967 -6.1229974  -6.50805698 -6.53934486 -7.00148503 -6.81842934
 -6.63752109 -6.91223769 -6.53599472 -6.57246926 -6.61421257 -6.28090667]","[0.03179155 0.03127485 0.03032747 0.03310283 0.03320232 0.0319405
 0.02833015 0.02835003 0.02949589 0.0299612  0.03214078 0.03076143
 0.03377311 0.02886033 0.03497693 0.03409178 0.0340685  0.03214734
 0.03296938 0.03044006 0.02786863 0.03063536 0.03911275 0.02972295
 0.03497945 0.03344165 0.03345022 0.0342664  0.03574529 0.03550636
 0.0354373  0.0346321  0.03205798 0.03341041 0.03384662 0.03993358]"
